Date,Open,High,Low,Close,Return,Volatility
2023-08-21,262.0,262.04998779296875,248.89999389648438,248.89999389648438,,
2023-08-22,236.4499969482422,236.4499969482422,236.4499969482422,236.4499969482422,-0.05002007735452196,
2023-08-23,224.64999389648438,224.64999389648438,224.64999389648438,224.64999389648438,-0.04990485601207595,
2023-08-24,213.4499969482422,213.4499969482422,213.4499969482422,213.4499969482422,-0.04985531828415268,
2023-08-25,202.8000030517578,224.10000610351562,202.8000030517578,214.5,0.004919199188428314,
2023-08-28,213.35000610351562,222.25,207.5500030517578,211.14999389648438,-0.015617744072333961,
2023-08-29,212.0,221.6999969482422,207.25,220.25,0.04309735432896522,
2023-08-30,224.89999389648438,231.25,224.6999969482422,231.25,0.049943246311010325,
2023-08-31,241.6999969482422,242.8000030517578,231.14999389648438,233.5,0.00972972972972963,
2023-09-01,235.0,245.14999389648438,234.1999969482422,245.14999389648438,0.04989290747959041,
2023-09-04,255.3000030517578,266.95001220703125,249.0,253.4499969482422,0.033856835645129646,
2023-09-05,257.0,260.0,253.0,255.0500030517578,0.006312906383038497,
2023-09-06,247.0,259.79998779296875,246.0500030517578,252.85000610351562,-0.00862574758642809,
2023-09-07,252.0,257.29998779296875,251.25,251.8000030517578,-0.004152671648850803,
2023-09-08,254.0,255.0,249.5,253.1999969482422,0.005559943921829902,
2023-09-11,256.95001220703125,257.70001220703125,250.0,250.14999389648438,-0.012045825784039343,
2023-09-12,251.75,252.0,240.89999389648438,244.25,-0.02358582466696313,
2023-09-13,244.8000030517578,247.8000030517578,236.60000610351562,240.1999969482422,-0.01658138403995013,
2023-09-14,242.0,244.5500030517578,241.25,242.5500030517578,0.009783539272991693,
2023-09-15,243.8000030517578,244.64999389648438,237.64999389648438,239.39999389648438,-0.012987050569532532,
2023-09-18,240.0,240.85000610351562,232.10000610351562,233.1999969482422,-0.025898066442403667,
2023-09-20,230.39999389648438,232.0,229.0,229.64999389648438,-0.015222997848262088,
2023-09-21,230.0,235.60000610351562,226.8000030517578,227.64999389648438,-0.0087089050866751,
2023-09-22,227.9499969482422,232.25,226.35000610351562,227.8000030517578,0.0006589464497928077,
2023-09-25,230.0,230.85000610351562,227.5,229.75,0.008560126962768866,
2023-09-26,231.10000610351562,231.6999969482422,230.0,230.39999389648438,0.002829135566852603,
2023-09-27,231.1999969482422,231.1999969482422,227.0,227.35000610351562,-0.013237794590997498,
2023-09-28,228.0,228.85000610351562,224.75,225.0500030517578,-0.010116573521051886,
2023-09-29,225.89999389648438,232.89999389648438,225.0,231.1999969482422,0.027327233117477423,
2023-10-03,231.5,233.89999389648438,230.5500030517578,231.39999389648438,0.0008650387148878558,
2023-10-04,230.0,230.0,223.5,224.64999389648438,-0.029170268703721636,0.026184179069397955
2023-10-05,225.89999389648438,227.89999389648438,224.1999969482422,225.39999389648438,0.0033385266876329034,0.024653201366268675
2023-10-06,226.5,227.64999389648438,223.6999969482422,225.10000610351562,-0.0013309130483230014,0.02288251015642629
2023-10-09,223.0,223.0,218.85000610351562,219.64999389648438,-0.024211515145517004,0.021372789728259945
2023-10-10,221.0,223.89999389648438,219.75,220.14999389648438,0.0022763487998804788,0.02136225894764087
2023-10-11,222.0,227.6999969482422,220.60000610351562,225.10000610351562,0.022484725615567136,0.021467408782795985
2023-10-12,227.0,227.39999389648438,224.75,225.14999389648438,0.00022206926527479354,0.020041291401401377
2023-10-13,224.0,225.89999389648438,222.0,224.5500030517578,-0.00266484948252943,0.01777818057368843
2023-10-16,224.89999389648438,225.9499969482422,224.0,224.8000030517578,0.0011133377715535353,0.01767101119382433
2023-10-17,231.5,233.0,220.5,220.9499969482422,-0.017126361437945326,0.015040718239362205
2023-10-18,221.60000610351562,222.89999389648438,215.5500030517578,216.0,-0.02240324515325398,0.01368831153436113
2023-10-19,216.0,216.0,209.0500030517578,214.1999969482422,-0.008333347461841778,0.013522810901801612
2023-10-20,215.5,217.0,213.0,214.1999969482422,0.0,0.013550412821702548
2023-10-23,214.0,214.1999969482422,204.25,206.60000610351562,-0.035480816774068225,0.014614349521755603
2023-10-25,206.60000610351562,211.8000030517578,206.5,210.14999389648438,0.017182902652916887,0.015090558866923622
2023-10-26,208.0,217.0,206.4499969482422,215.85000610351562,0.02712354210126211,0.016209760238002
2023-10-27,219.60000610351562,225.60000610351562,216.4499969482422,222.89999389648438,0.03266151305822884,0.017182877149264083
2023-10-30,224.5,226.1999969482422,218.14999389648438,219.0,-0.017496608359242716,0.017208795523610723
2023-10-31,222.0,223.1999969482422,215.5500030517578,219.0,0.0,0.017051500324995778
2023-11-01,216.0,222.0500030517578,215.3000030517578,217.64999389648438,-0.006164411431578198,0.016962534876945944
2023-11-02,218.5,219.60000610351562,216.6999969482422,217.35000610351562,-0.0013783037049448499,0.0164042436432027
2023-11-03,219.0,220.64999389648438,217.64999389648438,219.0500030517578,0.007821471821963355,0.01631333995754888
2023-11-06,220.39999389648438,220.6999969482422,216.75,217.14999389648438,-0.008673860437356407,0.016312803140519645
2023-11-07,217.89999389648438,218.8000030517578,216.5,217.1999969482422,0.00023026964385564064,0.01631108508139708
2023-11-08,217.8000030517578,217.89999389648438,213.8000030517578,214.14999389648438,-0.014042371522153485,0.016354319067609292
2023-11-09,214.85000610351562,217.6999969482422,214.85000610351562,215.14999389648438,0.004669624228349933,0.016377317162383345
2023-11-10,214.85000610351562,222.9499969482422,214.35000610351562,221.9499969482422,0.03160587146021254,0.01734816955596288
2023-11-13,223.0,225.89999389648438,222.25,224.75,0.012615467854278695,0.01741699674154167
2023-11-15,226.9499969482422,227.35000610351562,223.1999969482422,224.14999389648438,-0.0026696600823832295,0.016644019971958073
2023-11-16,225.5,229.3000030517578,223.85000610351562,226.9499969482422,0.012491649020748508,0.016820906374187695
2023-11-17,226.0,226.0,220.39999389648438,220.8000030517578,-0.027098453312105253,0.016703021495638747
2023-11-20,221.75,221.75,215.0500030517578,215.5,-0.024003636678009643,0.017227400618535036
2023-11-21,217.39999389648438,223.14999389648438,216.5500030517578,220.1999969482422,0.021809730618293166,0.01773887459097399
2023-11-22,219.6999969482422,223.39999389648438,218.5,221.89999389648438,0.007720240562227421,0.017222582320160204
2023-11-23,222.5,223.25,219.60000610351562,221.25,-0.002929219983609399,0.01723011375170163
2023-11-24,221.89999389648438,227.85000610351562,220.5,226.5,0.023728813559322104,0.017286729625692845
2023-11-28,228.0500030517578,232.3000030517578,225.3000030517578,226.35000610351562,-0.000662224708540271,0.01728771103171178
2023-11-29,229.35000610351562,229.35000610351562,224.1999969482422,226.0500030517578,-0.0013253944937851037,0.017281460684249066
2023-11-30,226.0500030517578,231.8000030517578,222.64999389648438,229.39999389648438,0.01481968944702694,0.017481911982604483
2023-12-01,231.4499969482422,231.60000610351562,224.85000610351562,225.5,-0.01700084568548088,0.01747748255789939
2023-12-04,229.75,232.0,227.89999389648438,230.10000610351562,0.020399140148628092,0.0172614198188838
2023-12-05,231.0,246.0,229.39999389648438,242.5,0.05388958525670784,0.019534076241419993
2023-12-06,244.89999389648438,251.60000610351562,243.0,247.0500030517578,0.0187628991825064,0.01969046602917429
2023-12-07,249.0,250.6999969482422,245.10000610351562,249.14999389648438,0.008500266418886016,0.018153447608923585
2023-12-08,249.0,250.5,240.0,244.25,-0.019666843333418615,0.018640215844598886
2023-12-11,244.85000610351562,247.0,243.0500030517578,245.60000610351562,0.005527148837320972,0.018175213297779696
2023-12-12,246.0500030517578,247.3000030517578,238.3000030517578,240.5500030517578,-0.02056190116554535,0.01792452631716822
2023-12-13,242.0,242.39999389648438,235.35000610351562,239.75,-0.0033257245545977865,0.01755696205142322
2023-12-14,242.89999389648438,243.75,238.0500030517578,238.60000610351562,-0.0047966377329901055,0.017608587793134164
2023-12-15,240.0,242.60000610351562,236.39999389648438,237.64999389648438,-0.003981610153937276,0.01757384776590437
2023-12-18,241.0,242.1999969482422,237.60000610351562,240.14999389648438,0.010519672056414908,0.017603935219759923
2023-12-19,240.3000030517578,240.8000030517578,237.89999389648438,238.3000030517578,-0.0077034807068285804,0.017699812450811033
2023-12-20,238.89999389648438,248.1999969482422,230.0500030517578,232.10000610351562,-0.026017611703074817,0.018363758924250625
2023-12-21,230.85000610351562,238.6999969482422,229.0,238.0,0.025420050587387832,0.018831831048929937
2023-12-22,238.75,239.75,234.60000610351562,236.75,-0.005252100840336116,0.018621135683336953
2023-12-26,237.25,238.0,233.6999969482422,234.6999969482422,-0.008658935804679246,0.01875121574121173
2023-12-27,236.0,237.25,233.0,234.0,-0.0029825179264768575,0.017983922052857957
2023-12-28,235.0,236.35000610351562,232.5500030517578,233.35000610351562,-0.0027777516943776615,0.017887547478039414
2023-12-29,233.89999389648438,235.1999969482422,232.25,232.9499969482422,-0.0017142024632987862,0.01788089027884589
2024-01-01,233.35000610351562,236.39999389648438,233.3000030517578,234.5500030517578,0.0068684529919573745,0.017790262450017708
2024-01-02,235.0,236.0,232.0,235.35000610351562,0.0034107995794026014,0.016966806727170228
2024-01-03,235.39999389648438,236.0,233.5500030517578,234.5,-0.00361166807508706,0.0162723021918557
2024-01-04,238.85000610351562,243.25,236.8000030517578,241.39999389648438,0.029424281008462172,0.016632082560060393
2024-01-05,244.5,248.1999969482422,241.5,243.64999389648438,0.00932062989597604,0.01664963571353108
2024-01-08,246.85000610351562,246.89999389648438,240.3000030517578,242.39999389648438,-0.005130309999232252,0.01668264023247528
2024-01-09,243.89999389648438,244.64999389648438,241.5,242.14999389648438,-0.0010313531612825555,0.016237553391005185
2024-01-10,242.0,242.3000030517578,239.3000030517578,240.9499969482422,-0.004955593551471127,0.016283920623012555
2024-01-11,243.0,253.39999389648438,240.64999389648438,251.5500030517578,0.0439925554586853,0.017960143537175476
2024-01-12,255.0,259.3500061035156,253.6999969482422,255.0500030517578,0.013913734675168543,0.017941593826342268
2024-01-15,255.0500030517578,255.0500030517578,255.0500030517578,255.0500030517578,0.0,0.017529190215906095
2024-01-16,254.10000610351562,258.0,246.5,248.85000610351562,-0.02430894677144546,0.018003765739037537
2024-01-17,247.0,247.0,242.14999389648438,242.5500030517578,-0.025316467338711512,0.015937708877229537
2024-01-18,243.4499969482422,247.89999389648438,239.0500030517578,243.25,0.0028859902677174087,0.015556658700051039
2024-01-19,245.85000610351562,249.14999389648438,245.39999389648438,246.25,0.012332990750256956,0.015647745781990345
2024-01-23,247.85000610351562,248.0500030517578,240.0,240.39999389648438,-0.023756369963515267,0.01583917009930532
2024-01-24,240.0,241.5500030517578,237.10000610351562,239.75,-0.0027038016347216143,0.015804049736005323
2024-01-25,240.39999389648438,242.64999389648438,238.89999389648438,239.85000610351562,0.0004171266048618172,0.015351795935999828
2024-01-29,242.0,254.39999389648438,240.0,251.0,0.04648736132060893,0.01751881390662276
2024-01-30,253.14999389648438,253.9499969482422,247.10000610351562,247.6999969482422,-0.013147422516963436,0.017690713157819487
2024-01-31,247.64999389648438,250.60000610351562,246.10000610351562,248.25,0.0022204402847560978,0.01766189274334669
2024-02-01,251.0,254.6999969482422,249.1999969482422,252.39999389648438,0.01671699454777187,0.017805417439360077
2024-02-02,252.5,257.29998779296875,250.60000610351562,253.8000030517578,0.005546787595595681,0.01772541608762422
2024-02-05,256.3500061035156,295.70001220703125,255.6999969482422,289.1000061035156,0.1390859047569004,0.030015434882137964
2024-02-06,285.70001220703125,285.70001220703125,266.04998779296875,270.95001220703125,-0.06278102218367143,0.03244682656225499
2024-02-07,273.45001220703125,275.70001220703125,267.3999938964844,268.5,-0.00904230336464873,0.03249472692830386
2024-02-08,270.0,270.3999938964844,261.95001220703125,262.79998779296875,-0.021229095743133142,0.032752811961646484
2024-02-09,264.3999938964844,276.29998779296875,258.3999938964844,273.0,0.0388128336408704,0.033317664293305085
2024-02-12,276.1000061035156,281.1000061035156,267.70001220703125,271.45001220703125,-0.005677610963255475,0.03334719476942606
2024-02-13,270.45001220703125,275.3999938964844,263.70001220703125,272.75,0.004789050412630891,0.03331935191157866
2024-02-14,269.8999938964844,275.0,268.54998779296875,273.0,0.0009165902841430373,0.03333039283096705
2024-02-15,275.0,279.0,273.0,274.04998779296875,0.00384610913175365,0.033329507920005774
2024-02-16,275.29998779296875,276.75,271.0,271.8999938964844,-0.007845261785264457,0.03337878458702345
2024-02-19,273.25,277.1000061035156,271.8999938964844,274.0,0.007723450351805106,0.03307529031714567
2024-02-20,274.20001220703125,289.29998779296875,273.6000061035156,281.70001220703125,0.028102234332230802,0.033341736348385165
2024-02-21,284.0,294.5,283.20001220703125,290.1000061035156,0.02981893337764907,0.03357225734088902
2024-02-22,291.70001220703125,305.29998779296875,291.1000061035156,302.8500061035156,0.04395036101947003,0.03422124768879212
2024-02-23,305.79998779296875,347.0,305.3500061035156,333.95001220703125,0.10269111928921504,0.03822271888899678
2024-02-26,340.45001220703125,348.0,325.75,327.79998779296875,-0.018416002962293065,0.03809788038098308
2024-02-27,329.29998779296875,338.70001220703125,316.54998779296875,318.5,-0.02837092171840594,0.03870758907717445
2024-02-28,320.0,322.45001220703125,306.04998779296875,308.29998779296875,-0.03202515606603218,0.039375240107949655
2024-02-29,312.0,322.0,308.0,310.0,0.005514149446456784,0.038929981081211734
2024-03-01,313.5,321.6000061035156,311.54998779296875,317.8999938964844,0.025483851278981895,0.038531310981860425
2024-03-04,329.95001220703125,331.5,320.6000061035156,322.6000061035156,0.014784562117864386,0.03851951138321616
2024-03-05,324.0,327.8999938964844,319.5,321.70001220703125,-0.002789813637497529,0.03858873508185392
2024-03-06,322.95001220703125,333.8999938964844,321.3500061035156,326.3500061035156,0.01445444115647665,0.03807570144743082
2024-03-07,329.0,337.3999938964844,324.20001220703125,333.8999938964844,0.02313463352770384,0.03804933535967669
2024-03-11,336.8999938964844,359.8500061035156,332.45001220703125,355.6499938964844,0.06513926444318208,0.03920074439439047
2024-03-12,360.0,374.5,358.75,361.8500061035156,0.01743290401640163,0.038724665394301916
2024-03-13,363.70001220703125,366.8999938964844,324.5,328.20001220703125,-0.09299431623294763,0.043080040423523404
2024-03-14,328.0,341.5,318.0,338.3500061035156,0.03092624472567551,0.04321299095647947
2024-03-15,340.0,348.8500061035156,336.45001220703125,344.75,0.0189153059879843,0.04322443182199382
2024-03-18,346.95001220703125,359.70001220703125,342.5,352.54998779296875,0.022625055237037728,0.043258089667197186
2024-03-19,353.3999938964844,357.8999938964844,347.0,353.29998779296875,0.0021273578952452077,0.03598868545986005
2024-03-20,353.29998779296875,356.3500061035156,335.6499938964844,337.5,-0.04472116710693863,0.03491029626287958
2024-03-21,344.5,348.29998779296875,337.1000061035156,338.70001220703125,0.0035555917245371216,0.03477453111560114
2024-03-22,338.0,346.8999938964844,336.70001220703125,344.6499938964844,0.017567113891381103,0.03435523416923223
2024-03-26,345.0,352.5,343.54998779296875,346.1499938964844,0.0043522414813983445,0.03391984743865869
2024-03-27,348.25,355.6000061035156,348.0,350.70001220703125,0.013144643624946939,0.033822493705911505
2024-03-28,354.8500061035156,357.75,350.3999938964844,353.75,0.008696856820091137,0.0338127315540251
2024-04-01,357.0,364.20001220703125,355.6000061035156,356.95001220703125,0.00904597090326864,0.03377613235120944
2024-04-02,359.0,362.8500061035156,356.5,357.1000061035156,0.0004202098090904105,0.03380179035751891
2024-04-03,356.5,359.79998779296875,353.20001220703125,357.1000061035156,0.0,0.03369382789404247
2024-04-04,359.3999938964844,367.79998779296875,358.0,361.29998779296875,0.011761359892656031,0.033693822946137215
2024-04-05,361.0,374.8500061035156,359.04998779296875,373.20001220703125,0.03293668645480663,0.033795728893163735
2024-04-08,376.0,378.70001220703125,367.54998779296875,369.25,-0.010584169554742617,0.03378258737874686
2024-04-09,371.0,374.70001220703125,365.3999938964844,367.70001220703125,-0.00419766497757279,0.0331849182471487
2024-04-10,369.6499938964844,372.3999938964844,367.54998779296875,370.45001220703125,0.0074789227867950725,0.027842574492912255
2024-04-12,370.1499938964844,378.8500061035156,368.20001220703125,372.20001220703125,0.004723984187701813,0.027523254817795433
2024-04-15,362.0,362.95001220703125,351.0,354.29998779296875,-0.04809248744491135,0.028554555487283695
2024-04-16,364.8999938964844,371.95001220703125,360.1000061035156,361.8500061035156,0.021309677027024465,0.027889385746231905
2024-04-18,369.1499938964844,384.3999938964844,367.0,378.3999938964844,0.04573714940945517,0.02882924692746068
2024-04-19,378.0,378.1000061035156,368.6499938964844,370.1000061035156,-0.02193442898215081,0.029084148750021247
2024-04-22,378.0,384.8500061035156,375.25,382.70001220703125,0.03404486867258094,0.02950572182856024
2024-04-23,387.0,394.70001220703125,385.0,387.95001220703125,0.013718316782179496,0.02948736040026084
2024-04-24,390.70001220703125,391.5,379.5,381.8500061035156,-0.015723690969393078,0.029727154297601196
2024-04-25,381.8500061035156,387.3500061035156,380.25,382.29998779296875,0.0011784252514353,0.029552497118955776
2024-04-26,384.29998779296875,384.8500061035156,380.54998779296875,381.75,-0.0014386288530738867,0.027290181463038105
2024-04-29,383.6000061035156,384.75,378.04998779296875,380.5,-0.0032743942370661028,0.02716717434065094
2024-04-30,380.5,383.79998779296875,375.5,377.0,-0.009198423127463884,0.0205642317764783
2024-05-02,377.0,381.3500061035156,372.5,379.6499938964844,0.007029161529136241,0.019973126747198252
2024-05-03,380.54998779296875,385.8500061035156,374.3500061035156,375.8999938964844,-0.009877518926083462,0.019925415867994473
2024-05-06,378.1000061035156,378.8999938964844,367.79998779296875,370.25,-0.015030577249863675,0.019837608245104756
2024-05-07,370.25,370.70001220703125,353.6000061035156,356.25,-0.03781228899392297,0.02111565476947781
2024-05-08,355.0,363.79998779296875,352.1000061035156,355.20001220703125,-0.0029473341557018085,0.01933331079730691
2024-05-09,357.0,359.25,344.6000061035156,345.3999938964844,-0.0275901406918726,0.020063064600613818
2024-05-10,346.3999938964844,349.0,336.79998779296875,347.8500061035156,0.007093260713158855,0.019852117708186116
2024-05-13,347.8500061035156,347.8999938964844,335.3999938964844,341.3500061035156,-0.018686214994820705,0.020141416742160394
2024-05-14,344.0,353.70001220703125,342.20001220703125,352.45001220703125,0.032517960758874365,0.020883229964991933
2024-05-15,354.04998779296875,358.79998779296875,351.29998779296875,353.8500061035156,0.003972177182567371,0.020836083664219997
2024-05-16,356.3999938964844,359.1499938964844,352.3999938964844,355.04998779296875,0.0033912156810931293,0.02077898024980733
2024-05-17,357.0,358.3999938964844,355.0,357.20001220703125,0.006055554113456818,0.0208080732902665
2024-05-21,361.0,362.20001220703125,355.75,357.75,0.0015397194125794655,0.020809414124980885
2024-05-22,359.0,360.70001220703125,355.20001220703125,357.6499938964844,-0.00027954186866696595,0.020695941647887097
2024-05-23,357.6499938964844,376.0,357.3999938964844,367.75,0.028239916890475003,0.020453510340373727
2024-05-24,368.5,370.70001220703125,364.20001220703125,365.3999938964844,-0.006390227337907839,0.020394958347285712
2024-05-27,368.0,368.6000061035156,359.1499938964844,360.04998779296875,-0.014641505727641668,0.02055497197786982
2024-05-28,361.0,363.75,355.25,356.8500061035156,-0.008887603938187438,0.020553196267854148
2024-05-29,355.0,356.1499938964844,348.1000061035156,349.20001220703125,-0.021437561344093803,0.02085294297339504
2024-05-30,348.75,351.5,346.5,347.75,-0.004152383036491902,0.01895429841478259
2024-05-31,355.04998779296875,357.8999938964844,342.1000061035156,344.3500061035156,-0.009777121197654615,0.01856957818625225
2024-06-03,368.0,368.0,353.79998779296875,356.1000061035156,0.034122258724362586,0.017649350116351718
2024-06-04,358.0,358.0,307.29998779296875,332.95001220703125,-0.06500981044565002,0.02080738559251863
2024-06-05,339.0,347.8999938964844,327.0,345.6000061035156,0.037993673022058694,0.021062752204266063
2024-06-06,350.0,352.79998779296875,348.04998779296875,349.3999938964844,0.010995334854914773,0.02099318755281794
2024-06-07,349.70001220703125,355.3500061035156,347.0,353.1499938964844,0.01073268478965983,0.021007571087832272
2024-06-10,355.25,357.3500061035156,348.70001220703125,350.3500061035156,-0.007928607790913533,0.021020089021159285
2024-06-11,351.75,354.5,349.54998779296875,350.25,-0.00028544627307947046,0.021023508993560733
2024-06-12,351.95001220703125,363.5,351.54998779296875,360.95001220703125,0.030549642275606637,0.02187850029256545
2024-06-13,365.0,366.3999938964844,358.20001220703125,360.79998779296875,-0.0004156376478425816,0.021830967463051975
2024-06-14,362.0,362.75,356.1000061035156,357.0,-0.010532117299153598,0.021837297183010883
2024-06-18,358.75,365.0,357.6000061035156,363.20001220703125,0.01736698097207623,0.022055894733862772
2024-06-19,363.95001220703125,363.95001220703125,357.04998779296875,358.29998779296875,-0.013491256193211232,0.022023673630326836
2024-06-20,358.8999938964844,368.29998779296875,358.0,365.54998779296875,0.020234441102434886,0.02119938590477079
2024-06-21,366.0,366.79998779296875,359.1499938964844,360.8999938964844,-0.012720541791176099,0.021338022989512838
2024-06-24,356.0,356.3999938964844,352.29998779296875,355.3500061035156,-0.015378187550096345,0.02089047376287776
2024-06-25,356.95001220703125,362.5,356.25,359.04998779296875,0.010412217886314856,0.020931727836671615
2024-06-26,358.95001220703125,359.70001220703125,353.1499938964844,356.25,-0.007798323041813493,0.020666485308005158
2024-06-27,356.25,358.3999938964844,348.0,353.6000061035156,-0.007438579358552633,0.019880003070046844
2024-06-28,357.0,362.0,355.3999938964844,358.1499938964844,0.012867612314567456,0.020002602397664732
2024-07-01,358.1499938964844,358.3999938964844,352.04998779296875,352.79998779296875,-0.01493789248831301,0.02019335707524508
2024-07-02,353.20001220703125,355.45001220703125,350.0,351.0,-0.0051020063924294146,0.020180476775873805
2024-07-03,353.0,356.3999938964844,349.70001220703125,351.29998779296875,0.000854666076834043,0.020178611272786293
2024-07-04,352.0,356.8500061035156,350.29998779296875,350.8500061035156,-0.0012809043697386002,0.020179219944403665
2024-07-05,350.8500061035156,354.79998779296875,349.1000061035156,352.75,0.005415402204450359,0.019478683501584427
2024-07-08,353.0,353.54998779296875,347.20001220703125,348.29998779296875,-0.012615201153880262,0.019568804931656605
2024-07-09,349.1000061035156,353.70001220703125,348.54998779296875,349.8500061035156,0.004450239347892904,0.01943362478486272
2024-07-10,350.3999938964844,350.8999938964844,344.1000061035156,347.95001220703125,-0.005430881415855127,0.019394061558930174
2024-07-11,349.5,351.3500061035156,347.0,348.04998779296875,0.0002873274390862157,0.018992853738140508
2024-07-12,354.5,356.3999938964844,350.0,350.3500061035156,0.006608298782400768,0.019012036147390388
2024-07-15,354.29998779296875,356.70001220703125,351.70001220703125,355.3999938964844,0.014414122177799138,0.019077316270957222
2024-07-16,350.0,350.3500061035156,343.1000061035156,344.25,-0.03137308409670925,0.018930563508010166
2024-07-18,345.6000061035156,346.1499938964844,336.0,337.0,-0.021060275962236696,0.015119253423189585
2024-07-19,337.04998779296875,342.0,332.04998779296875,338.75,0.005192878338278861,0.013404075975509213
2024-07-22,338.75,343.0,334.29998779296875,340.95001220703125,0.006494500980166018,0.01329478915060936
2024-07-23,342.0,342.0,326.0,334.8999938964844,-0.01774459039137144,0.013463677048479348
2024-07-24,335.25,339.0,334.6000061035156,334.70001220703125,-0.00059713852821075,0.01341277821830512
2024-07-25,333.0,333.6499938964844,328.0,329.20001220703125,-0.01643262563312342,0.013686248070271488
2024-07-26,329.8500061035156,336.6499938964844,329.54998779296875,331.8999938964844,0.00820164516809041,0.012403038169714596
2024-07-29,334.5,335.20001220703125,329.5,330.20001220703125,-0.005121969631561196,0.012402672685428839
2024-07-30,331.0,331.75,329.1000061035156,329.3500061035156,-0.002574215845221328,0.01231807372666065
2024-07-31,329.3500061035156,331.25,327.5,328.5,-0.0025808595347299734,0.011726736336581115
2024-08-01,329.0,332.8999938964844,328.25,328.70001220703125,0.0006088651660007827,0.011584851706363546
2024-08-02,325.95001220703125,328.25,324.54998779296875,326.25,-0.007453641971537639,0.010759604683359139
2024-08-05,317.95001220703125,322.20001220703125,315.0,317.04998779296875,-0.02819927113266285,0.011547953550798318
2024-08-06,317.1499938964844,322.0,310.0,311.3500061035156,-0.017978179810481998,0.011643757161949318
2024-08-07,316.45001220703125,337.20001220703125,313.29998779296875,329.75,0.05909745795979493,0.016250702763765452
2024-08-08,330.0,330.79998779296875,324.0,326.3999938964844,-0.01015923003340602,0.01628189243705643
2024-08-09,330.20001220703125,330.5,324.5,325.6000061035156,-0.0024509430389955122,0.01625819652624291
2024-08-12,325.0,330.95001220703125,322.29998779296875,329.1499938964844,0.010902910707686342,0.01619750299867566
2024-08-13,329.5,336.5,322.0,323.29998779296875,-0.017773070672926772,0.016279519395253204
2024-08-14,326.0,326.3500061035156,319.20001220703125,320.20001220703125,-0.009588542230080876,0.016322137954228214
2024-08-16,324.0,329.54998779296875,319.54998779296875,328.1499938964844,0.024828174223531674,0.01708292801654378
2024-08-19,331.95001220703125,334.5,328.79998779296875,331.45001220703125,0.010056432643384072,0.0172271636005278
2024-08-20,332.3999938964844,337.95001220703125,332.0,334.1499938964844,0.008145969497707073,0.017273491983489923
2024-08-21,335.8999938964844,337.25,329.5,331.1000061035156,-0.009127600923774404,0.017208844817969166
2024-08-22,332.20001220703125,333.3999938964844,328.8999938964844,329.6000061035156,-0.004530353284049937,0.017179039514666438
2024-08-23,330.0,333.70001220703125,326.70001220703125,327.1499938964844,-0.0074332893254309695,0.017197334351070404
2024-08-26,332.70001220703125,334.20001220703125,321.75,323.25,-0.011921118658857144,0.01728772157385098
2024-08-27,324.5,326.6000061035156,321.6499938964844,323.6000061035156,0.0010827721686483827,0.017218634356927
2024-08-28,327.0,330.25,320.8999938964844,322.25,-0.004171835840706906,0.016920769311378824
2024-08-29,324.25,333.1000061035156,323.5,325.6499938964844,0.010550795644637345,0.016223966692811283
2024-08-30,327.6499938964844,331.6000061035156,320.6499938964844,321.70001220703125,-0.012129530979536063,0.015936328479436657
2024-09-02,323.8999938964844,349.3500061035156,323.1499938964844,344.8999938964844,0.07211681942530568,0.02082818678516237
2024-09-03,351.0,355.0,342.5,350.20001220703125,0.01536682633905051,0.02097425246963335
2024-09-04,345.0,350.29998779296875,343.04998779296875,347.20001220703125,-0.008566533110873964,0.020755705348823122
2024-09-05,348.6000061035156,350.45001220703125,344.0,345.3500061035156,-0.005328358405737865,0.020789394796503175
2024-09-06,345.0,345.8500061035156,336.0,336.8500061035156,-0.02461271130672049,0.021080886249314555
2024-09-09,337.95001220703125,345.8500061035156,329.29998779296875,341.70001220703125,0.01439811790303236,0.021184234494400662
2024-09-10,343.95001220703125,359.75,340.8500061035156,351.5,0.028680092018934733,0.021729302298220787
2024-09-11,352.5,355.3999938964844,343.04998779296875,344.29998779296875,-0.020483676264669293,0.022110745291600696
2024-09-12,346.29998779296875,351.95001220703125,342.29998779296875,349.79998779296875,0.015974441460936628,0.022245646867767508
2024-09-13,350.3500061035156,354.3999938964844,346.8999938964844,351.8999938964844,0.006003448189822569,0.022253056012464075
2024-09-16,352.0,354.70001220703125,347.0,348.79998779296875,-0.008809338327034788,0.022275352253124464
2024-09-17,348.70001220703125,355.5,344.0,351.6499938964844,0.008170889344202736,0.021526036784041292
2024-09-18,350.5,353.25,345.1000061035156,346.8999938964844,-0.013507749416876935,0.02138597665075684
2024-09-19,348.75,350.5,338.45001220703125,346.6499938964844,-0.0007206687933082323,0.018671303347265425
2024-09-20,348.3999938964844,355.8999938964844,348.3500061035156,353.8999938964844,0.02091446740992864,0.018844251050157263
2024-09-23,354.3500061035156,361.20001220703125,352.25,354.25,0.000988997201333719,0.018821222352058305
2024-09-24,353.79998779296875,356.0,349.1000061035156,352.45001220703125,-0.005081122915931546,0.018815518727767815
2024-09-25,351.70001220703125,355.0,349.0,352.79998779296875,0.0009929793554155353,0.018427967111905235
2024-09-26,352.5,353.6000061035156,348.95001220703125,349.8500061035156,-0.008361626393207922,0.01840023370283924
2024-09-27,350.0,363.0,349.1000061035156,359.1499938964844,0.026582785853138002,0.01847426695681771
2024-09-30,357.0,358.1499938964844,349.6000061035156,350.6000061035156,-0.023806175520729833,0.01906435830769309
2024-10-01,352.0,353.0,346.25,351.0,0.0011408838834026103,0.019029936311271492
2024-10-03,345.0,350.5,339.04998779296875,345.6000061035156,-0.015384597995681926,0.019187607517559973
2024-10-04,343.5,345.29998779296875,336.5,338.79998779296875,-0.01967597856034209,0.019550395213897065
2024-10-07,346.1000061035156,348.8999938964844,329.20001220703125,336.3500061035156,-0.007231351173926925,0.019547390749024163
2024-10-08,334.75,349.70001220703125,333.0,345.6000061035156,0.027501114411019767,0.019962143257471084
2024-10-09,345.0,348.0,341.54998779296875,343.0,-0.007523165675919707,0.02004368851078934
2024-10-10,345.0,347.5,343.0,343.79998779296875,0.002332325927022705,0.020008285720773532
2024-10-11,343.45001220703125,344.45001220703125,340.45001220703125,341.5,-0.0066899007406415745,0.020012206097414338
2024-10-14,342.79998779296875,343.45001220703125,339.25,340.04998779296875,-0.0042460093910139385,0.019874613340095434
2024-10-15,341.95001220703125,341.95001220703125,336.1000061035156,336.75,-0.009704419677785348,0.014923561184959348
2024-10-16,337.04998779296875,339.20001220703125,332.5,333.6499938964844,-0.009205660292548212,0.014684331880352484
2024-10-17,334.8500061035156,335.0,328.6000061035156,329.1499938964844,-0.013487187418909863,0.014792965893864285
2024-10-18,329.1499938964844,332.8999938964844,325.5,330.3500061035156,0.0036457913695377986,0.014807221274711051
2024-10-21,334.3999938964844,334.3999938964844,326.04998779296875,327.20001220703125,-0.009535322652596934,0.01423610887194463
2024-10-22,328.0,328.3999938964844,311.1000061035156,314.04998779296875,-0.04018955966829851,0.015636850565494395
2024-10-23,316.25,321.45001220703125,313.1499938964844,314.70001220703125,0.0020698119386364233,0.014510120379645008
2024-10-24,315.0,318.3999938964844,314.8500061035156,316.1000061035156,0.004448661716490054,0.014219516608240685
2024-10-25,317.5,317.8500061035156,306.0,311.20001220703125,-0.015501403992000395,0.013949216090628271
2024-10-28,314.5,319.25,310.6499938964844,316.6499938964844,0.01751279394496752,0.01437964304952962
2024-10-29,317.70001220703125,326.95001220703125,313.8999938964844,326.20001220703125,0.030159540485160674,0.015584859097811524
2024-10-30,326.75,326.75,318.54998779296875,319.95001220703125,-0.019160023807826443,0.015760807944045586
2024-10-31,319.95001220703125,323.8999938964844,317.70001220703125,322.29998779296875,0.0073448210541617875,0.01574232219088972
2024-11-01,325.0,326.8500061035156,324.20001220703125,326.20001220703125,0.012100603666692411,0.01596002233922071
2024-11-04,326.79998779296875,326.79998779296875,319.29998779296875,319.8500061035156,-0.01946660289971247,0.015669594219630312
2024-11-05,320.0,324.0,318.75,321.8999938964844,0.006409216050805133,0.015751163849524987
2024-11-06,323.95001220703125,327.8999938964844,322.79998779296875,326.04998779296875,0.012892183830916393,0.016011574604901595
2024-11-07,327.0,328.5,320.54998779296875,321.54998779296875,-0.013801564693992074,0.016128711755198314
2024-11-08,321.70001220703125,322.3500061035156,314.79998779296875,316.04998779296875,-0.017104650004033606,0.01630765949571319
2024-11-11,314.0,316.1000061035156,310.6000061035156,312.0,-0.012814389968025308,0.015382262152392988
2024-11-12,312.20001220703125,316.1499938964844,310.0,310.25,-0.005608974358974339,0.014950100118444764
2024-11-13,310.0,310.0,298.0,299.3999938964844,-0.03497181661084814,0.015945994123513954
2024-11-14,302.75,320.5,302.75,318.3500061035156,0.06329329523494609,0.020128370425240384
2024-11-18,320.0,322.8999938964844,313.8500061035156,318.79998779296875,0.001413481014059803,0.019875961326932288
2024-11-19,320.0,323.79998779296875,317.1000061035156,319.3500061035156,0.0017252770753055646,0.019859405023202256
2024-11-21,317.0,318.8999938964844,313.04998779296875,314.20001220703125,-0.01612648754675472,0.019247505946112447
2024-11-22,314.5,317.70001220703125,312.3500061035156,313.79998779296875,-0.001273152127692856,0.019230598085691167
2024-11-25,318.8500061035156,325.0,318.0,323.25,0.03011476282550385,0.0201332800305607
2024-11-26,321.45001220703125,326.8999938964844,320.1000061035156,326.04998779296875,0.008661988531999176,0.02020123258256174
2024-11-27,325.70001220703125,331.95001220703125,322.3999938964844,328.8999938964844,0.008741009692431856,0.02027597644310846
2024-11-28,328.95001220703125,331.3999938964844,325.0,325.45001220703125,-0.010489455012087756,0.020288215387499503
2024-11-29,325.54998779296875,332.29998779296875,325.3500061035156,328.3500061035156,0.008910719888495677,0.02030331881971355
2024-12-02,326.0,330.5,325.1000061035156,329.70001220703125,0.00411148493504232,0.020164007106664036
2024-12-03,331.3500061035156,342.45001220703125,329.8500061035156,340.3500061035156,0.03230207310334232,0.020992146754757822
2024-12-04,342.1000061035156,347.3500061035156,340.6499938964844,345.20001220703125,0.014250054404407742,0.021021637669027655
2024-12-05,346.75,347.29998779296875,339.6000061035156,341.5,-0.010718459085141019,0.019624323365627912
2024-12-06,343.04998779296875,343.04998779296875,338.5,338.8999938964844,-0.007613487858025292,0.01971922916587342
2024-12-09,338.5,341.29998779296875,335.8999938964844,336.8500061035156,-0.006048946089963425,0.019779407728458667
2024-12-10,337.0,337.95001220703125,333.6499938964844,335.1000061035156,-0.005195190643583425,0.019547558147910933
2024-12-11,334.70001220703125,345.0,333.29998779296875,343.0,0.02357503357980839,0.019736901346781344
2024-12-12,343.79998779296875,346.29998779296875,337.20001220703125,338.29998779296875,-0.013702659495717917,0.019263321644542253
2024-12-13,337.0,340.70001220703125,330.6499938964844,339.75,0.004286172803289023,0.018872414719556672
2024-12-16,339.25,342.45001220703125,338.1499938964844,340.3500061035156,0.0017660223797368868,0.018847167450334833
2024-12-17,339.04998779296875,340.8999938964844,335.8999938964844,337.1000061035156,-0.009548993511730774,0.018861050412923328
2024-12-18,336.0,337.0,323.54998779296875,324.6000061035156,-0.03708098419957173,0.01978046010938958
2024-12-19,318.0,319.8999938964844,310.75,313.0,-0.03573630895070401,0.02082829346912829
2024-12-20,314.75,314.75,302.79998779296875,304.29998779296875,-0.027795566156649354,0.021231732426683796
2024-12-23,308.79998779296875,308.8500061035156,302.04998779296875,304.70001220703125,0.0013145725603336267,0.02112311952736886
2024-12-24,304.70001220703125,307.0,303.6000061035156,304.70001220703125,0.0,0.020919457187513472
2024-12-26,304.70001220703125,306.70001220703125,302.8999938964844,305.54998779296875,0.0027895489067455426,0.020809498083195165
2024-12-27,305.95001220703125,307.3500061035156,304.5,304.95001220703125,-0.0019635922431914254,0.02078920042843136
2024-12-30,305.0,308.95001220703125,301.0,306.25,0.004262953733171759,0.01974506890728605
2024-12-31,303.8500061035156,303.8500061035156,296.25,298.70001220703125,-0.02465302136479597,0.016416521354716145
2025-01-01,298.8999938964844,306.3999938964844,298.79998779296875,304.45001220703125,0.019250082909319177,0.016861035272436282
2025-01-02,306.0,307.0,303.3500061035156,304.70001220703125,0.000821152865745356,0.016856070918477975
2025-01-03,306.70001220703125,310.8999938964844,304.25,307.45001220703125,0.009025270396548324,0.016724686384352903
2025-01-06,307.70001220703125,308.45001220703125,295.25,296.70001220703125,-0.03496503357677916,0.01786464312597079
2025-01-07,298.0,301.0,297.25,299.1499938964844,0.008257437103654564,0.016943909805578274
2025-01-08,300.5,300.8500061035156,296.25,298.6000061035156,-0.0018385017689790395,0.016814636818910676
2025-01-09,298.5,298.5,288.79998779296875,289.25,-0.03131281283455256,0.017445850996623023
2025-01-10,290.0,290.95001220703125,280.0,280.54998779296875,-0.03007782958351335,0.018048439816592866
2025-01-13,277.79998779296875,278.0,265.04998779296875,266.1499938964844,-0.05132772954212639,0.01974424816863372
2025-01-14,267.45001220703125,274.0,264.20001220703125,272.8500061035156,0.025173820630020938,0.020504914802812548
2025-01-15,275.0,276.0,271.25,272.3999938964844,-0.0016493025360626579,0.01920926614262799
2025-01-16,277.0,278.79998779296875,274.8500061035156,276.79998779296875,0.0161526945487247,0.01928556900639756
2025-01-17,280.0,281.29998779296875,275.70001220703125,279.0,0.007948021329671207,0.01946679801383078
2025-01-20,279.0,280.0,271.1499938964844,275.70001220703125,-0.011827913236447163,0.019490082374508756
2025-01-21,276.0,277.5,258.3999938964844,260.1000061035156,-0.05658326228800137,0.021513311646072925
2025-01-22,261.70001220703125,263.6000061035156,254.0500030517578,262.79998779296875,0.010380552195675685,0.02177850084125004
2025-01-23,263.5,267.3999938964844,253.60000610351562,255.85000610351562,-0.02644589806803288,0.021197859466736593
2025-01-24,256.0,257.3500061035156,243.5500030517578,244.4499969482422,-0.044557392547651786,0.022136399969392918
2025-01-27,243.0,243.39999389648438,231.0500030517578,233.3000030517578,-0.04561257531471841,0.02284787670285119
2025-01-28,237.0,238.5,231.3000030517578,233.39999389648438,0.0004285934137102654,0.022820986515058195
2025-01-29,235.0,240.64999389648438,233.0,238.3000030517578,0.02099404148847861,0.0236127029368102
2025-01-30,240.64999389648438,242.25,233.5,234.8000030517578,-0.014687368674686119,0.02311574479719137
2025-01-31,237.0,243.75,235.8000030517578,241.64999389648438,0.02917372553532971,0.023700118360560955
2025-02-01,244.39999389648438,245.5500030517578,239.25,241.50999450683594,-0.0005793477888867971,0.02344811116983474
2025-02-03,239.0,239.55999755859375,232.89999389648438,233.97000122070312,-0.031220212238129097,0.023780999322716753
2025-02-04,236.39999389648438,246.9499969482422,235.0,245.10000610351562,0.04757022192906524,0.025861435497124087
2025-02-05,246.64999389648438,254.33999633789062,246.60000610351562,249.82000732421875,0.019257450441309665,0.02624616067118319
2025-02-06,252.60000610351562,253.7899932861328,248.64999389648438,250.47999572753906,0.002641855671966953,0.026286161244287103
2025-02-07,248.39999389648438,252.75,246.1300048828125,249.4499969482422,-0.004112099955547954,0.026215587366502504
2025-02-10,249.27999877929688,250.0,242.05999755859375,242.9600067138672,-0.02601719909309763,0.026249359438703573
2025-02-11,242.0,243.17999267578125,234.75,235.94000244140625,-0.028893661831053352,0.026090434388681416
2025-02-12,233.0,233.97999572753906,223.22999572753906,227.6199951171875,-0.03526323318694102,0.02649224924955331
2025-02-13,228.17999267578125,233.0500030517578,227.0,228.05999755859375,0.001933057072511124,0.02635406838175634
2025-02-14,230.0,230.83999633789062,219.14999389648438,222.2899932861328,-0.025300378559280134,0.026090669764097022
2025-02-17,222.25,224.0,217.13999938964844,222.4499969482422,0.0007197969631651535,0.02595221981250687
2025-02-18,223.55999755859375,223.97999572753906,217.00999450683594,221.02000427246094,-0.006428378041803073,0.02591901731098345
2025-02-19,221.02000427246094,229.6999969482422,219.25999450683594,228.9199981689453,0.03574334333441476,0.02686079308362042
2025-02-20,228.0,235.89999389648438,225.89999389648438,235.27000427246094,0.027738974988236853,0.02725005534839934
2025-02-21,236.0,238.5500030517578,232.63999938964844,233.6699981689453,-0.006800722890550448,0.02584354987806438
2025-02-24,231.0,233.5,228.00999450683594,228.4499969482422,-0.02233920170157666,0.025446603328903642
2025-02-25,229.58999633789062,231.6699981689453,225.25,226.32000732421875,-0.009323657922858275,0.025444218745055456
2025-02-27,226.36000061035156,228.0,221.0500030517578,221.6999969482422,-0.020413618886809592,0.02522909724901058
2025-02-28,219.25999450683594,219.89999389648438,207.0,207.61000061035156,-0.06355433708544456,0.027072252196683824
2025-03-03,210.0,210.25,198.64999389648438,200.9199981689453,-0.03222389298077333,0.02738838935021142
2025-03-04,199.99000549316406,208.0399932861328,199.02000427246094,206.3800048828125,0.027175028686174274,0.026750961644792848
2025-03-05,207.0,217.66000366210938,207.0,217.10000610351562,0.051943022420172014,0.028704903850975592
2025-03-06,222.0,222.38999938964844,218.05999755859375,219.94000244140625,0.013081512013115582,0.028638705828723385
2025-03-07,220.0,224.5,218.7899932861328,221.80999755859375,0.00850229651918677,0.027711319200847885
2025-03-10,222.60000610351562,224.89999389648438,215.5,216.5,-0.023939396857849293,0.02682677292487744
2025-03-11,214.6999969482422,218.99000549316406,213.00999450683594,217.55999755859375,0.004896062626299047,0.026853907440639063
2025-03-12,220.0,226.5,216.72000122070312,225.52999877929688,0.03663357836983172,0.02746045866499251
2025-03-13,227.8800048828125,228.94000244140625,221.32000732421875,222.60000610351562,-0.012991587334900578,0.027434044859011263
2025-03-17,223.1199951171875,223.85000610351562,218.5399932861328,219.52000427246094,-0.013836485833798151,0.026899113847485313
2025-03-18,219.52000427246094,219.52000427246094,219.52000427246094,219.52000427246094,0.0,0.026901005674373007
2025-03-19,227.27000427246094,231.25,225.63999938964844,228.83999633789062,0.04245623125016906,0.027574209134839052
2025-03-20,231.0,234.25,228.9499969482422,231.69000244140625,0.012454143284059027,0.0261789307765255
2025-03-21,232.0,235.94000244140625,228.0500030517578,229.1199951171875,-0.011092439454174152,0.025932699996413268
2025-03-24,231.89999389648438,234.4600067138672,230.6999969482422,232.67999267578125,0.01553769917275405,0.026127937734346796
2025-03-25,234.10000610351562,234.1999969482422,226.30999755859375,227.52999877929688,-0.022133376562635698,0.026381163075743775
2025-03-26,228.0,228.89999389648438,222.00999450683594,222.6699981689453,-0.02135982348009302,0.026252756944958745
2025-03-27,222.1699981689453,228.0,221.3300018310547,225.77999877929688,0.013966859639491735,0.025935097940093205
2025-03-28,227.17999267578125,232.3000030517578,226.11000061035156,227.50999450683594,0.007662307276518954,0.025160155630114492
2025-04-01,227.0,231.2899932861328,225.2100067138672,230.4199981689453,0.012790662970289635,0.025262485524207477
2025-04-02,230.99000549316406,230.99000549316406,225.3000030517578,229.77999877929688,-0.0027775340453704,0.02479496764735546
2025-04-03,227.0,231.7899932861328,226.5,230.41000366210938,0.002741774245623496,0.02479579487719246
2025-04-04,230.0500030517578,230.35000610351562,220.8000030517578,222.32000732421875,-0.0351113068413228,0.02564916689639426
2025-04-07,203.10000610351562,215.0,203.10000610351562,213.52000427246094,-0.0395825960860301,0.025768224864228834
2025-04-08,217.0,225.5,216.6199951171875,224.80999755859375,0.052875576340501995,0.027140587824684807
2025-04-09,224.0,224.0,218.25,220.9199981689453,-0.01730349820690047,0.027283238067420636
2025-04-11,225.77999877929688,230.97999572753906,223.72000122070312,230.02000427246094,0.04119140946469013,0.028065041495116832
2025-04-15,235.89999389648438,239.49000549316406,232.60000610351562,238.57000732421875,0.03717069338730328,0.02877247787440902
2025-04-16,239.0500030517578,242.75,237.25999450683594,242.27999877929688,0.015550955028627023,0.028547928111986913
2025-04-17,242.94000244140625,248.0,238.3000030517578,246.47000122070312,0.01729405011770324,0.02568623749005841
2025-04-21,250.0,250.0,244.5,246.3800048828125,-0.00036514114271468667,0.02468838817905247
2025-04-22,245.5,251.33999633789062,243.6999969482422,250.55999755859375,0.016965632733749736,0.02447174407628173
2025-04-23,252.0,258.54998779296875,251.38999938964844,258.1400146484375,0.03025230349497887,0.02338761135165753
2025-04-24,258.0,259.79998779296875,256.5,258.7799987792969,0.0024792131964932462,0.023357796880670807
2025-04-25,258.7799987792969,261.6199951171875,249.10000610351562,253.0500030517578,-0.02214234390048797,0.023894817745216883
2025-04-28,252.38999938964844,259.70001220703125,252.3000030517578,257.8999938964844,0.019166136282300572,0.023405778541938836
2025-04-29,258.1000061035156,259.75,255.60000610351562,257.6300048828125,-0.0010468748354458546,0.023441555246338782
2025-04-30,256.0,263.29998779296875,255.1999969482422,260.4200134277344,0.010829517106095476,0.02273839892833303
2025-05-02,262.8999938964844,265.20001220703125,257.75,259.3500061035156,-0.004108775320817215,0.022552374866903365
2025-05-05,259.6000061035156,262.3999938964844,259.29998779296875,260.6000061035156,0.004819741548419687,0.022260375964629858
2025-05-06,259.25,260.75,250.39999389648438,251.1999969482422,-0.03607064057987608,0.02353193421973055
2025-05-07,245.0500030517578,256.70001220703125,245.0500030517578,256.1000061035156,0.019506406109881524,0.022619929588402126
2025-05-08,256.1000061035156,258.29998779296875,249.39999389648438,251.4499969482422,-0.01815700524971442,0.022914179339549694
2025-05-09,244.10000610351562,250.0,242.0,248.35000610351562,-0.01232845847027253,0.022941458916197883
2025-05-12,258.95001220703125,263.5,257.0,262.8999938964844,0.058586621443061704,0.025009481275728426
2025-05-13,263.20001220703125,268.95001220703125,261.5,267.3999938964844,0.017116774836335225,0.024597983122132683
2025-05-14,268.79998779296875,269.95001220703125,265.20001220703125,267.5,0.00037399441211039,0.024088708679171487
2025-05-15,268.0,274.6000061035156,265.5,273.70001220703125,0.023177615727219658,0.024246507774632036
2025-05-16,274.1000061035156,277.95001220703125,273.04998779296875,277.0,0.012056951573946595,0.024265673868627467
2025-05-19,277.0,279.3500061035156,275.75,277.04998779296875,0.00018046134645754996,0.024268708022207052
2025-05-20,277.1000061035156,278.0,270.8500061035156,271.45001220703125,-0.02021287071891953,0.02470207284788254
2025-05-21,271.5,275.5,270.3500061035156,274.3500061035156,0.010683344137308648,0.02471001641844799
2025-05-22,274.45001220703125,277.3500061035156,271.3999938964844,274.54998779296875,0.0007289290504979284,0.023483373213730094
2025-05-23,274.95001220703125,283.6499938964844,274.54998779296875,281.75,0.026224777006585098,0.02197599983539857
2025-05-26,282.75,284.70001220703125,281.3500061035156,281.75,0.0,0.020445684389392527
2025-05-27,280.0,292.8999938964844,279.1000061035156,291.3999938964844,0.03425020016498448,0.020433518933110358
2025-05-28,296.04998779296875,299.25,288.79998779296875,290.3500061035156,-0.003603252625124398,0.01965769898646698
2025-05-29,291.75,292.04998779296875,285.5,287.8500061035156,-0.008610297735308858,0.019081985202971087
2025-05-30,288.0,291.0,285.6000061035156,286.6499938964844,-0.004168880255641549,0.019097429189569783
2025-06-02,286.95001220703125,289.20001220703125,283.3999938964844,286.45001220703125,-0.0006976511205695202,0.019006180763139296
2025-06-03,287.75,290.79998779296875,283.1000061035156,283.8999938964844,-0.008902140694285743,0.01915564011855189
2025-06-04,283.8999938964844,291.70001220703125,282.5,290.3500061035156,0.022719310833740458,0.019308680128160626
2025-06-05,292.0,293.0,289.54998779296875,291.5,0.00396071593700742,0.018715407127370166
2025-06-06,292.0,296.8999938964844,290.5,294.0,0.00857632933104635,0.0187288727710174
2025-06-09,296.0,305.5,295.6499938964844,304.25,0.03486394557823136,0.01883149274098208
2025-06-10,305.79998779296875,306.8500061035156,302.1000061035156,302.79998779296875,-0.004765857705936738,0.018775821372209674
2025-06-11,303.5,306.79998779296875,299.70001220703125,302.6499938964844,-0.0004953563491782997,0.018769425823053073
2025-06-12,303.8500061035156,303.8500061035156,295.0,296.0,-0.021972555858563392,0.01939629921489216
2025-06-13,288.0,295.29998779296875,287.79998779296875,294.04998779296875,-0.006587879077808223,0.01943928829565897
2025-06-16,293.5,294.95001220703125,287.5,294.1499938964844,0.00034009898883602396,0.0194529553252427
2025-06-17,295.0,295.5,289.3999938964844,289.79998779296875,-0.014788394335464305,0.018285801768554648
2025-06-18,289.0,292.6499938964844,287.3500061035156,288.1499938964844,-0.005693560959233457,0.01817181239206005
2025-06-19,289.5,290.6000061035156,282.70001220703125,284.1000061035156,-0.014055137528212747,0.018013348974976126
2025-06-20,283.20001220703125,295.0,283.0,294.25,0.035726834489352655,0.018616499351408123
2025-06-23,288.54998779296875,295.8999938964844,287.45001220703125,293.1499938964844,-0.0037383384996283464,0.01578948709014378
2025-06-24,298.0,304.3999938964844,297.1000061035156,300.79998779296875,0.026095835087022623,0.016132848046442085
2025-06-25,303.70001220703125,304.95001220703125,302.0,303.29998779296875,0.00831117055004893,0.016135472742237606
2025-06-26,304.79998779296875,312.8999938964844,304.1000061035156,312.5,0.030333045094980804,0.016473187238875964
2025-06-27,314.1000061035156,329.29998779296875,312.8500061035156,323.45001220703125,0.035040039062500083,0.01734527040405295
2025-06-30,326.8999938964844,331.8999938964844,325.20001220703125,326.75,0.010202466125914134,0.017339285574876524
2025-07-01,328.20001220703125,331.8999938964844,327.1000061035156,329.6000061035156,0.008722283407851972,0.0166412508946542
2025-07-02,330.20001220703125,330.95001220703125,325.04998779296875,326.70001220703125,-0.008798525008441915,0.016856088968053275
2025-07-03,327.54998779296875,328.75,324.54998779296875,325.04998779296875,-0.005050579591092452,0.016950862834199856
2025-07-04,326.0,327.6000061035156,323.3500061035156,324.95001220703125,-0.0003075698806092042,0.016534491863845594
2025-07-07,324.95001220703125,329.70001220703125,323.04998779296875,328.04998779296875,0.009539853729755965,0.016528801846823864
2025-07-08,329.0,330.70001220703125,324.75,328.8500061035156,0.0024387085514898654,0.015595934307422578
2025-07-09,329.0,335.29998779296875,328.75,329.8500061035156,0.0030409000499918015,0.015529002763929933
2025-07-10,330.5,333.3999938964844,329.0,331.6499938964844,0.005456988812071906,0.01533451967391609
2025-07-11,331.0,331.0,325.0,325.79998779296875,-0.017639096068675197,0.01579776296566153
2025-07-14,325.0,327.70001220703125,317.6499938964844,319.1000061035156,-0.020564708227400752,0.016422692124802105
2025-07-15,321.1000061035156,322.54998779296875,318.29998779296875,321.20001220703125,0.006581028089464702,0.01625432969695296
2025-07-16,321.0,322.70001220703125,318.6499938964844,319.54998779296875,-0.005137062115050495,0.015955773456936554
2025-07-17,320.1000061035156,320.95001220703125,317.3500061035156,318.1499938964844,-0.004381142074683542,0.016016814247902862
2025-07-18,320.5,323.95001220703125,313.75,316.8500061035156,-0.004086084607600959,0.01603280747925944
2025-07-21,318.20001220703125,320.79998779296875,314.1000061035156,317.25,0.0012624077285126045,0.014831330266113513
2025-07-22,318.0,318.45001220703125,309.8500061035156,310.79998779296875,-0.02033100774477936,0.015322250477703706
2025-07-23,311.6000061035156,315.20001220703125,311.6000061035156,314.45001220703125,0.011743965757469388,0.01544401411307342
2025-07-24,315.0,319.3999938964844,313.45001220703125,316.45001220703125,0.006360311408362129,0.014819766228600787
2025-07-25,315.54998779296875,315.54998779296875,310.20001220703125,311.25,-0.016432333722361303,0.01512989120984892
2025-07-28,311.25,315.8500061035156,306.5,307.3500061035156,-0.012530100872238936,0.01535949315565906
2025-07-29,306.29998779296875,322.5,306.29998779296875,321.1000061035156,0.04473726932469613,0.016936321946070906
2025-07-30,323.0,324.0,319.70001220703125,320.29998779296875,-0.0024914926668950788,0.016885998293134093
2025-07-31,317.0,332.6499938964844,316.45001220703125,329.25,0.027942593031930585,0.017105449858357817
2025-08-01,329.95001220703125,332.70001220703125,326.0,329.5,0.0007593014426727773,0.016106495824456186
2025-08-04,329.8500061035156,335.5,328.6000061035156,333.8999938964844,0.013353547485536854,0.016129169674061646
2025-08-05,334.45001220703125,338.6000061035156,331.5,332.8500061035156,-0.0031446175865886827,0.015653906879060188
2025-08-06,333.20001220703125,333.6000061035156,325.6000061035156,326.54998779296875,-0.018927499459283736,0.016147262819187342
2025-08-07,323.0,328.0,316.79998779296875,325.5,-0.003215396821985017,0.015299067336337662
2025-08-08,325.1000061035156,326.0,320.1000061035156,321.1499938964844,-0.01336407405073925,0.014145706591101285
2025-08-11,321.0,328.6000061035156,320.79998779296875,327.75,0.020551163720846866,0.014527688660997296
2025-08-12,327.95001220703125,331.70001220703125,326.54998779296875,327.0,-0.0022883295194507935,0.0144438808182526
2025-08-13,328.6000061035156,332.6000061035156,328.6000061035156,330.6000061035156,0.011009192977111892,0.014488228535372478
2025-08-14,330.6000061035156,331.95001220703125,325.8500061035156,327.3999938964844,-0.009679407586064226,0.014573732018309006
2025-08-18,331.25,333.70001220703125,327.6000061035156,329.3500061035156,0.005956054500257046,0.01460893126387857
2025-08-19,330.0,333.20001220703125,328.45001220703125,331.29998779296875,0.005920697292594701,0.014546952125171582
2025-08-20,330.8500061035156,331.0,327.04998779296875,328.45001220703125,-0.008602401723354358,0.014633791562696053
2025-08-21,329.0,329.3999938964844,322.6000061035156,323.8500061035156,-0.01400519388812238,0.01484356939793235
2025-08-22,324.79998779296875,326.29998779296875,320.1000061035156,320.6000061035156,-0.010035510077962329,0.014898348854361892
2025-08-25,322.0,322.3500061035156,318.3500061035156,319.70001220703125,-0.002807217340456858,0.014570408346878613
2025-08-26,319.5,320.1499938964844,314.20001220703125,315.75,-0.012355370835811286,0.01425480085578206
2025-08-28,315.75,316.8999938964844,309.5,310.1000061035156,-0.01789388407437653,0.014547466107618715
2025-08-29,311.0,316.6499938964844,309.3500061035156,311.70001220703125,0.005159645507976984,0.014569661118762239
2025-09-01,311.70001220703125,314.5,307.20001220703125,314.04998779296875,0.007539221988790423,0.014628999073473892
2025-09-02,314.20001220703125,316.25,311.0,311.75,-0.007323635989073707,0.014669550166517003
2025-09-03,311.0,314.70001220703125,309.79998779296875,313.70001220703125,0.006255051185344751,0.0147177436853696
2025-09-04,315.25,316.0,309.0,309.45001220703125,-0.013547975245838173,0.014448591607179657
2025-09-05,310.0,313.8999938964844,308.8999938964844,309.3999938964844,-0.0001616361563218094,0.014276090688531586
2025-09-08,310.75,313.3500061035156,309.6000061035156,311.1000061035156,0.005494545056778488,0.01426273444269211
2025-09-09,311.1000061035156,312.3500061035156,307.25,307.95001220703125,-0.010125341802263543,0.014064454456239023
2025-09-10,310.0,313.3999938964844,309.25,310.04998779296875,0.006819209295974016,0.013925372895352527
2025-09-11,310.04998779296875,312.5,309.95001220703125,310.70001220703125,0.002096514883582312,0.011139709791955051
2025-09-12,311.04998779296875,312.20001220703125,310.0,311.20001220703125,0.0016092693284699422,0.011146405262769436
2025-09-15,311.04998779296875,316.6499938964844,310.0,315.3500061035156,0.013335455442474498,0.010114274158876299
2025-09-16,315.79998779296875,317.79998779296875,314.29998779296875,315.45001220703125,0.000317127323862465,0.010111359913468796
2025-09-17,315.8999938964844,318.70001220703125,315.0,315.8500061035156,0.0012680104010325266,0.009737028220799032
2025-09-18,316.29998779296875,317.95001220703125,315.8999938964844,317.3500061035156,0.0047490896660244974,0.009805987622964201
2025-09-19,317.6000061035156,321.6000061035156,315.79998779296875,317.0,-0.0011029024634757745,0.009239910275875344
2025-09-22,317.0,319.0,312.79998779296875,313.8500061035156,-0.009936889263357673,0.009377266664156553
2025-09-23,313.8500061035156,315.0,310.75,312.54998779296875,-0.004142164362801015,0.00911118060763824
2025-09-24,314.0,314.1000061035156,306.0,306.75,-0.018556992543575568,0.008731287490822252
2025-09-25,306.75,308.29998779296875,301.0,301.6000061035156,-0.01678889615805823,0.009130429214186744
2025-09-26,300.8999938964844,301.6000061035156,294.3500061035156,295.8500061035156,-0.01906498635158005,0.009229327738204254
2025-09-29,296.0,299.8999938964844,293.3999938964844,294.20001220703125,-0.005577129837567307,0.009167151939728783
2025-09-30,295.0,296.79998779296875,292.20001220703125,293.20001220703125,-0.0033990481254511096,0.00899122666662445
2025-10-01,294.0,300.8500061035156,293.04998779296875,300.04998779296875,0.02336280798344803,0.010134631175999258
2025-10-03,300.04998779296875,302.95001220703125,298.79998779296875,301.70001220703125,0.005499165076457091,0.01020447650559335
2025-10-06,302.0,306.6499938964844,301.5,306.25,0.0150811654254972,0.010478991803358522
2025-10-07,306.3500061035156,315.0,306.29998779296875,309.8999938964844,0.011918347417091857,0.010649775725166535
2025-10-08,309.8999938964844,310.95001220703125,304.20001220703125,304.6499938964844,-0.01694094902678067,0.011034671438134207
2025-10-09,305.29998779296875,308.1499938964844,305.29998779296875,307.3500061035156,0.008862669493269859,0.010997951579270191
2025-10-10,307.0,310.3999938964844,306.6499938964844,308.1499938964844,0.002602855952764438,0.010528616176949642
2025-10-13,306.0,308.79998779296875,304.70001220703125,308.45001220703125,0.0009736112818086173,0.010483372226789607
2025-10-14,309.6499938964844,310.79998779296875,305.1000061035156,305.6000061035156,-0.009239766544741457,0.010498509784404962
2025-10-15,305.6000061035156,312.95001220703125,305.6000061035156,312.6499938964844,0.02306933132252853,0.01128946565358672
2025-10-16,314.04998779296875,314.29998779296875,310.6000061035156,312.1000061035156,-0.0017591165958916744,0.011234896114417539
2025-10-17,313.54998779296875,314.75,307.04998779296875,309.29998779296875,-0.008971541992274679,0.011076082901486008
2025-10-20,309.20001220703125,315.79998779296875,309.1000061035156,310.70001220703125,0.004526428934098714,0.011106125762883204
2025-10-21,311.45001220703125,313.29998779296875,311.04998779296875,311.79998779296875,0.0035403139450298493,0.011079696283405684
2025-10-23,312.0,313.8500061035156,308.3999938964844,309.04998779296875,-0.00881975659930423,0.011040503448099166
2025-10-24,310.0,311.1499938964844,305.5,305.95001220703125,-0.01003066076163106,0.011119299909220098
2025-10-27,306.8500061035156,307.8999938964844,305.1499938964844,305.54998779296875,-0.0013074829158424839,0.01111047970596849
2025-10-28,306.1000061035156,308.75,305.04998779296875,307.95001220703125,0.007854768482886243,0.011209387595719341
2025-10-29,307.79998779296875,310.75,307.6000061035156,309.75,0.0058450648534433824,0.010976444908239309
2025-10-30,310.1000061035156,312.79998779296875,309.1499938964844,309.79998779296875,0.00016138109110164223,0.010976062887323343
2025-10-31,309.0,310.95001220703125,306.25,306.79998779296875,-0.00968366726342429,0.011095190804730742
2025-11-03,306.20001220703125,308.3999938964844,303.5,306.79998779296875,0.0,0.0110454444516328
2025-11-04,306.0,306.95001220703125,301.3500061035156,301.8999938964844,-0.015971297560125497,0.011375726363879185
2025-11-06,301.8999938964844,303.20001220703125,297.5,298.1000061035156,-0.012586909141414915,0.011453018565011424
2025-11-07,297.0,300.1499938964844,293.5,299.29998779296875,0.004025433293806779,0.011488789910828356
2025-11-10,299.6499938964844,303.3999938964844,299.6499938964844,301.95001220703125,0.008854074581170934,0.011160849406075753
2025-11-11,302.0,305.6499938964844,297.6499938964844,304.8999938964844,0.009769768406005186,0.010870975989647482
2025-11-12,305.29998779296875,310.29998779296875,305.25,309.5,0.015086934062312096,0.010543428947401675
2025-11-13,310.0,316.6000061035156,309.70001220703125,310.70001220703125,0.003877260765852153,0.010463793104842509
2025-11-14,311.0,315.70001220703125,309.29998779296875,314.8999938964844,0.01351780342594422,0.010624456220271316
2025-11-17,316.0,316.8500061035156,311.1499938964844,312.0,-0.00920925358111524,0.010061691818353619
2025-11-18,311.1499938964844,311.8500061035156,305.45001220703125,305.95001220703125,-0.019390986515925523,0.01071301208620065
2025-11-19,305.8500061035156,306.3999938964844,303.6000061035156,304.45001220703125,-0.004902761693583391,0.010393020664934863
2025-11-20,305.6000061035156,309.6000061035156,305.20001220703125,308.3500061035156,0.01280996465794959,0.010429914594697418
2025-11-21,307.0,308.3500061035156,303.0,303.54998779296875,-0.015566785197129063,0.010356226442936102
2025-11-24,303.29998779296875,304.3500061035156,299.1000061035156,299.8500061035156,-0.012189035869692222,0.010443031345543053
2025-11-25,299.75,303.3999938964844,299.6000061035156,300.79998779296875,0.0031681896618844796,0.01044983626770423
2025-11-26,301.5,308.6499938964844,301.5,308.0,0.023936211766028448,0.011380124819044
2025-11-27,309.0,309.79998779296875,305.0,306.45001220703125,-0.005032427899249181,0.011287704445303725
2025-11-28,306.1499938964844,308.0,305.5,306.20001220703125,-0.0008157937348395317,0.010425051577666445
2025-12-01,307.1000061035156,308.1499938964844,303.54998779296875,304.75,-0.004735506692438829,0.010450180814625296
2025-12-02,303.0,307.0,303.0,304.8500061035156,0.0003281578458265155,0.010334920587054859
2025-12-03,305.0,305.70001220703125,298.45001220703125,301.0,-0.012629181651412913,0.010524034674224332
2025-12-04,301.0,303.45001220703125,300.0,302.25,0.004152823920265725,0.010533742882535826
2025-12-05,302.0,304.45001220703125,300.25,303.75,0.00496277915632759,0.010480576798871617
2025-12-08,303.0,304.25,295.25,297.20001220703125,-0.021563745820473268,0.01103803344327509
2025-12-09,296.1499938964844,296.79998779296875,288.75,293.20001220703125,-0.013458949649078678,0.011273644549821412
2025-12-10,294.0,295.3999938964844,289.25,290.8500061035156,-0.00801502730448822,0.011200731999728505
2025-12-11,291.0,299.0,290.0,298.45001220703125,0.026130328155505422,0.012244454328429093
2025-12-12,300.0,302.3999938964844,298.75,300.75,0.007706442281440573,0.012349687927698702
2025-12-15,299.0,300.3999938964844,297.54998779296875,299.6000061035156,-0.0038237536042705633,0.012252158096783237
2025-12-16,298.04998779296875,298.75,294.5,295.25,-0.014519379221950457,0.012506904290572492
2025-12-17,295.0,296.0,291.70001220703125,293.1499938964844,-0.007112637099121466,0.012248095071138297
2025-12-18,292.70001220703125,293.54998779296875,289.75,292.29998779296875,-0.0028995603657279156,0.01205574884196224
2025-12-19,294.1000061035156,297.79998779296875,293.3500061035156,296.95001220703125,0.015908397565024934,0.012402657590813647
2025-12-22,298.0,299.95001220703125,297.8999938964844,298.75,0.006061585179238271,0.012342786389220525
2025-12-23,299.54998779296875,299.75,297.70001220703125,298.70001220703125,-0.0001673231563807942,0.012196209605650063
2025-12-24,298.70001220703125,302.6000061035156,298.04998779296875,298.8999938964844,0.0006695068004032301,0.011834943980452529
2025-12-26,298.0,299.79998779296875,296.1499938964844,296.95001220703125,-0.006523859917268671,0.011836656872350065
2025-12-29,297.0,297.54998779296875,293.3500061035156,293.95001220703125,-0.010102710478787302,0.01159040927595305
2025-12-30,293.0,293.8500061035156,291.3999938964844,292.5,-0.004932853025398032,0.011527709183895528
2025-12-31,292.6000061035156,296.8999938964844,292.6000061035156,294.95001220703125,0.008376110109508561,0.011200350450774946
2026-01-01,295.3999938964844,296.75,294.1499938964844,295.70001220703125,0.0025428037598234088,0.01119703275473984
2026-01-02,295.6000061035156,303.0,295.5,301.70001220703125,0.020290834468410957,0.011589565472846312
2026-01-05,301.79998779296875,302.45001220703125,298.8500061035156,300.3999938964844,-0.004308976658757291,0.011268114585811876
2026-01-06,300.1000061035156,302.29998779296875,293.5,298.54998779296875,-0.00615847583589868,0.011101009416586894
2026-01-07,298.0,306.0,296.6499938964844,303.5,0.01658017889608443,0.01149947987815658
2026-01-08,303.29998779296875,304.29998779296875,292.1499938964844,293.54998779296875,-0.03278422473486409,0.012135071187475841
2026-01-09,292.0,294.6000061035156,286.1499938964844,287.25,-0.021461379849935236,0.012658052516084548
2026-01-12,287.25,289.0,280.75,288.25,0.003481288076588429,0.012697065974057125
2026-01-13,289.1000061035156,290.20001220703125,281.8999938964844,284.6000061035156,-0.012662598079737686,0.012839078322028253
2026-01-14,281.95001220703125,287.8500061035156,281.8500061035156,287.0,0.00843286663743581,0.012978572227924017
2026-01-15,287.0,287.0,287.0,287.0,0.0,0.012823379252693876
2026-01-16,287.0,291.0,277.1499938964844,278.79998779296875,-0.028571471104638535,0.013688040967694918
2026-01-19,279.3999938964844,281.6499938964844,274.1000061035156,275.6499938964844,-0.011298400410345466,0.013700297560909059
2026-01-20,275.1000061035156,276.45001220703125,263.20001220703125,265.5,-0.0368220356293425,0.01465764049215379
2026-01-21,265.29998779296875,269.20001220703125,262.5,263.25,-0.008474576271186418,0.014570589626666885
2026-01-22,267.0,268.1499938964844,259.75,262.6000061035156,-0.0024691126172246003,0.014546254807612667
2026-01-23,264.0,266.25,252.25,252.89999389648438,-0.036938354842259824,0.014703253534978962
2026-01-27,253.8000030517578,257.5,250.1999969482422,256.04998779296875,0.012455492180730277,0.014873798365291114
2026-01-28,257.8500061035156,258.3999938964844,253.0,255.1999969482422,-0.0033196285305580053,0.014875739511181311
2026-01-29,255.8000030517578,256.8500061035156,252.4499969482422,254.5,-0.0027429347829661666,0.01477705188638997
2026-01-30,253.0,257.6000061035156,249.5500030517578,254.5,0.0,0.014796240714908909
2026-02-02,242.39999389648438,245.3000030517578,237.0,244.10000610351562,-0.040864416096205836,0.01620292855833207
2026-02-03,260.04998779296875,267.0,256.95001220703125,263.8999938964844,0.0811142453825755,0.022408788263113696
2026-02-04,265.0,269.8999938964844,263.95001220703125,268.0,0.01553621143744266,0.022616714369556284
2026-02-05,268.1000061035156,271.6499938964844,267.5,269.95001220703125,0.007276164951609099,0.022693767900055596
2026-02-06,269.95001220703125,270.3999938964844,266.5,268.1000061035156,-0.006853143248227833,0.02269198196826786
2026-02-09,270.54998779296875,271.3999938964844,268.75,269.25,0.004289421373755431,0.022726068791242563
2026-02-10,270.0,274.3500061035156,269.0,270.20001220703125,0.003528364742920065,0.02271569676089169
2026-02-11,271.0,271.6000061035156,268.29998779296875,270.29998779296875,0.0003700058527786876,0.022717216639648454
2026-02-12,270.0,270.1000061035156,266.70001220703125,267.54998779296875,-0.010173881332567136,0.02266669872357318
2026-02-13,265.0,267.25,262.8500061035156,263.95001220703125,-0.013455338255231708,0.02271992264051598
2026-02-16,262.04998779296875,263.25,259.54998779296875,262.54998779296875,-0.005304127104810985,0.02227055660392354
2026-02-17,262.3999938964844,264.20001220703125,260.8999938964844,262.29998779296875,-0.0009521996253039067,0.022279391065479614
2026-02-18,263.0,264.5,261.75,264.1000061035156,0.00686244145755599,0.022368083382922253
2026-02-19,264.1000061035156,265.54998779296875,257.3500061035156,258.6000061035156,-0.02082544442594314,0.022232651518488217
2026-02-20,258.1000061035156,260.75,257.54998779296875,258.6000061035156,0.0,0.02162165590554881
2026-02-23,260.0,260.3999938964844,256.1499938964844,257.79998779296875,-0.0030936515532278275,0.02136857764507133
2026-02-24,257.20001220703125,257.20001220703125,253.1999969482422,255.25,-0.009891341790972286,0.021359936637388457
2026-02-25,257.04998779296875,259.45001220703125,255.64999389648438,256.95001220703125,0.006660184944294878,0.021375683673773804
2026-02-26,257.5,258.8500061035156,255.35000610351562,256.1499938964844,-0.0031135173089709145,0.0212629526839314
2026-02-27,257.0,259.20001220703125,254.64999389648438,255.39999389648438,-0.0029279719612372856,0.021252722935839245
2026-03-02,246.5500030517578,252.35000610351562,243.5500030517578,249.0,-0.02505870810270394,0.02112004060420662
2026-03-04,245.0,245.39999389648438,239.8000030517578,241.3000030517578,-0.03092368252306099,0.021665233330265956
2026-03-05,243.5,244.25,237.75,243.10000610351562,0.007459606419365494,0.020859798051601167
2026-03-06,242.1999969482422,243.4499969482422,238.89999389648438,239.35000610351562,-0.015425750332573762,0.02096417950687415
2026-03-09,233.9499969482422,233.9499969482422,226.3000030517578,232.25,-0.029663697190151606,0.021522752304238803
2026-03-10,236.9499969482422,237.5500030517578,231.35000610351562,236.0,0.016146393972013007,0.02088259792037605
2026-03-11,237.89999389648438,242.8000030517578,237.5,238.6999969482422,0.01144066503492458,0.02085902127677501
2026-03-12,237.39999389648438,245.39999389648438,234.0,242.1999969482422,0.014662756785702502,0.02108085726632511
2026-03-13,240.0,240.60000610351562,234.25,235.25,-0.02869528090756912,0.021656936317309708
2026-03-16,235.0,238.0,230.6999969482422,234.35000610351562,-0.0038256913771917977,0.02165360547021008
2026-03-17,235.0,238.6999969482422,234.35000610351562,237.60000610351562,0.013868145574378321,0.020591488153829465
2026-03-18,238.89999389648438,250.5,237.9499969482422,248.1999969482422,0.044612754934477694,0.016200905760069783
2026-03-19,242.9499969482422,244.85000610351562,237.60000610351562,239.4499969482422,-0.035253827991886144,0.016950727148948744
2026-03-20,242.0,244.25,238.60000610351562,239.3000030517578,-0.0006264100997954714,0.01683676170511428
2026-03-23,236.1999969482422,236.3000030517578,225.39999389648438,226.10000610351562,-0.05516087246094681,0.01926644726211211
2026-03-24,232.85000610351562,234.0,227.75,232.6999969482422,0.02919058233773275,0.020214999348631277
2026-03-25,235.0,241.0,234.75,237.35000610351562,0.01998285009134615,0.02066287912872762
2026-03-27,236.0,236.5,231.5500030517578,232.5500030517578,-0.02022331126321686,0.02085034425243854
2026-03-30,228.89999389648438,231.5,223.3000030517578,224.10000610351562,-0.03633625816965269,0.02161634028353186
2026-04-01,233.0399932861328,233.0399932861328,228.0,231.92999267578125,0.03493969816604481,0.022788719100866755
2026-04-02,227.85000610351562,230.13999938964844,223.5500030517578,229.47999572753906,-0.010563519275693989,0.022818916397041738
2026-04-06,230.8000030517578,236.0,226.10000610351562,235.30999755859375,0.0254052725274434,0.023447993649233046
2026-04-07,233.10000610351562,236.0,231.77000427246094,235.3300018310547,8.501242050273916e-05,0.023378794784390488
2026-04-08,245.10000610351562,248.10000610351562,242.14999389648438,246.86000061035156,0.04899502268977307,0.025019691591942183
2026-04-09,246.0,246.0,236.6999969482422,238.83999633789062,-0.03248806713372676,0.025658899282429735
2026-04-10,240.6999969482422,243.8000030517578,240.0,243.1999969482422,0.01825490151232212,0.0259315060021042
2026-04-13,237.0,238.30999755859375,235.25999450683594,237.67999267578125,-0.02269738627355211,0.02617667377404475
2026-04-15,242.5,244.25,241.50999450683594,242.66000366210938,0.020952588100763503,0.026468955380455673
2026-04-16,244.5,245.0,238.02000427246094,241.27000427246094,-0.0057281767438853715,0.02647852874500262
2026-04-17,242.02000427246094,245.5,240.63999938964844,243.86000061035156,0.010734845990079123,0.026573180714156333
2026-04-20,242.0,242.00999450683594,234.5,237.14999389648438,-0.02751581520984525,0.026652926927304164
2026-04-21,237.27000427246094,237.60000610351562,234.10000610351562,234.75,-0.010120151626619722,0.02612037544730014
2026-04-22,234.6999969482422,241.14999389648438,234.5500030517578,238.50999450683594,0.01601701600356087,0.026257636825930335
2026-04-23,240.0,251.6999969482422,238.5399932861328,248.66000366210938,0.04255590704389767,0.027222174860008146
2026-04-24,252.0,253.1999969482422,244.10000610351562,245.72999572753906,-0.011783189461187948,0.026704167071631858
2026-04-27,247.10000610351562,254.6999969482422,247.02000427246094,253.63999938964844,0.032189817277658905,0.02714945049748601
2026-04-28,255.5,256.0,249.52999877929688,250.80999755859375,-0.011157553374328666,0.027213785920547046
2026-04-29,252.11000061035156,257.0,250.02999877929688,250.7100067138672,-0.00039867168653517915,0.027111031992047507
2026-04-30,250.0,250.0,243.11000061035156,246.3699951171875,-0.017310883014066913,0.02675098982206919
2026-05-01,246.3699951171875,246.3699951171875,246.3699951171875,246.3699951171875,0.0,0.02673193248684042
2026-05-04,248.0,254.0,247.8699951171875,252.74000549316406,0.025855463336542428,0.027003444678519613
2026-05-05,252.0,253.6999969482422,247.3000030517578,248.4499969482422,-0.01697399878009387,0.026007341533262042
2026-05-06,251.0,252.99000549316406,249.1699981689453,252.44000244140625,0.016059591636844672,0.025260958483907407
2026-05-07,253.5,254.14999389648438,250.5,251.02000427246094,-0.005625091725606768,0.0252958269894939
2026-05-08,250.97999572753906,251.49000549316406,248.3000030517578,249.33999633789062,-0.006692725304660585,0.022965968217684214
2026-05-11,246.0,246.4499969482422,239.8000030517578,240.3300018310547,-0.036135375949176374,0.023537916800073052
2026-05-12,239.5399932861328,239.9499969482422,229.25999450683594,230.47000122070312,-0.04102692354358184,0.024488291392987287
2026-05-13,231.0,234.0,229.1999969482422,231.4499969482422,0.004252161766600482,0.02422137458619762
2026-05-14,233.0,235.0,228.41000366210938,234.1300048828125,0.011579209202450924,0.023296322910568976
2026-05-15,234.89999389648438,235.9499969482422,232.58999633789062,233.05999755859375,-0.0045701418096937285,0.022455304120842887
2026-05-18,230.0,233.3300018310547,227.2100067138672,232.6300048828125,-0.001844987043188917,0.022364689362964863
2026-05-19,232.6300048828125,236.10000610351562,232.3000030517578,233.27999877929688,0.00279411031612975,0.021878972550794618
2026-05-20,230.38999938964844,235.4600067138672,229.4199981689453,234.6699981689453,0.005958502215886563,0.02190655943376698
2026-05-21,236.5,238.3000030517578,235.05999755859375,235.77999877929688,0.004730049086003829,0.019901272568007725
2026-05-22,236.11000061035156,241.0,236.11000061035156,238.19000244140625,0.010221408408629618,0.019107891913635888
2026-05-25,241.0,243.64999389648438,240.1999969482422,241.74000549316406,0.014904080840383305,0.019007553408330262
2026-05-26,241.38999938964844,243.6999969482422,240.00999450683594,240.6699981689453,-0.004426273268406167,0.01854311275808559
2026-05-27,241.0,243.86000061035156,240.7100067138672,242.88999938964844,0.009224254113903818,0.01821966885780715
2026-05-28,242.88999938964844,242.88999938964844,242.88999938964844,242.88999938964844,0.0,0.01818546770763062
2026-05-29,244.0,245.14999389648438,238.0500030517578,238.9499969482422,-0.016221344852842767,0.018321794551437384
2026-06-01,239.99000549316406,240.6999969482422,234.3000030517578,234.9499969482422,-0.016739903959347657,0.01787436772390364
2026-06-02,233.75,238.5,232.25999450683594,237.63999938964844,0.011449255059998276,0.017893550553547497
2026-06-03,237.39999389648438,237.39999389648438,231.58999633789062,235.02999877929688,-0.01098300209163039,0.01776801435028451
2026-06-04,234.5,237.6999969482422,233.64999389648438,235.74000549316406,0.0030209195317825177,0.015838326320089316
2026-06-05,235.2899932861328,239.3000030517578,235.13999938964844,236.88999938964844,0.00487822970088847,0.015762871760202923
2026-06-08,233.0,234.2100067138672,227.67999267578125,228.86000061035156,-0.03389758453284786,0.015566880499437281
2026-06-09,229.57000732421875,234.49000549316406,229.57000732421875,234.2100067138672,0.023376763476568918,0.016228792716909097
2026-06-10,234.1999969482422,234.9499969482422,229.5500030517578,230.1699981689453,-0.01724951295466004,0.016456057041520124
2026-06-11,229.64999389648438,229.8800048828125,227.0,228.02000427246094,-0.00934089548415551,0.016275609033763582
2026-06-12,230.89999389648438,236.5,230.0,235.88999938964844,0.03451449420983099,0.017619009720118407
2026-06-15,241.5,243.69000244140625,239.0399932861328,239.52000427246094,0.01538854929079192,0.017160455268949663
2026-06-16,240.0500030517578,243.32000732421875,239.86000061035156,241.9499969482422,0.010145259821459751,0.017039021894121004
2026-06-17,242.1999969482422,244.74000549316406,241.22000122070312,242.97999572753906,0.004257072917083882,0.016771873109188453
2026-06-18,242.97999572753906,245.0,242.5,244.10000610351562,0.004609475659191675,0.016781485152800035
2026-06-19,244.0,246.85000610351562,242.02999877929688,244.4499969482422,0.0014338010486494301,0.016748544460586826
2026-06-22,245.0,246.39999389648438,243.00999450683594,243.3800048828125,-0.004377140841839489,0.015366678847732419
2026-06-23,244.0,244.19000244140625,237.1999969482422,237.80999755859375,-0.022886051493427817,0.013968042646107341
2026-06-24,237.75999450683594,239.75,235.3000030517578,238.8699951171875,0.004457329672746813,0.013969669061979443
2026-06-25,240.0500030517578,241.92999267578125,238.5,239.42999267578125,0.0023443612426876648,0.013832938435653223
2026-06-26,239.42999267578125,239.42999267578125,239.42999267578125,239.42999267578125,0.0,0.013796431270178712
2026-06-29,239.0,239.1999969482422,235.9199981689453,236.7100067138672,-0.011360255795510477,0.013972144407986439
2026-06-30,237.0,238.32000732421875,235.25999450683594,236.44000244140625,-0.001140654238531269,0.013970026220811818
2026-07-01,236.75999450683594,240.75999450683594,236.5,240.00999450683594,0.015098934311313927,0.014190148677636487
2026-07-02,240.00999450683594,240.7899932861328,238.8300018310547,239.72999572753906,-0.0011666129982303985,0.01417534930571912
2026-07-03,241.0500030517578,242.1999969482422,238.86000061035156,239.35000610351562,-0.0015850733358178104,0.014063942750353522
2026-07-06,239.1999969482422,240.6699981689453,238.10000610351562,240.0,0.002715662752911241,0.013799814122335144
2026-07-07,239.9499969482422,245.25,239.4499969482422,243.07000732421875,0.012791697184244777,0.013972737380553366
2026-07-08,242.0,242.0,229.0,229.99000549316406,-0.053811665104399053,0.017012830965744057
2026-07-09,231.0,234.22000122070312,230.77000427246094,233.3699951171875,0.014696245677179753,0.017272357996856457
2026-07-10,235.0,243.5,233.9499969482422,241.9600067138672,0.03680855198358368,0.018359895742831207
2026-07-13,239.8000030517578,243.47999572753906,239.35000610351562,241.41000366210938,-0.002273115541810311,0.018077062788749418
