date,nse_tri_prices_TRI_NIFTY_50_TotalReturnsIndex,nse_tri_prices_TRI_NIFTY_BANK_TotalReturnsIndex,nse_tri_prices_TRI_NIFTY_IT_TotalReturnsIndex,nse_tri_prices_TRI_NIFTY_PHARMA_TotalReturnsIndex,nse_tri_prices_TRI_NIFTY_FMCG_TotalReturnsIndex,nse_tri_prices_TRI_NIFTY_AUTO_TotalReturnsIndex,nse_tri_prices_TRI_NIFTY_MIDCAP_100_TotalReturnsIndex,nse_tri_prices_TRI_NIFTY_SMALLCAP_100_TotalReturnsIndex,nse_tri_prices_TRI_NIFTY_REALTY_TotalReturnsIndex,nse_tri_prices_TRI_NIFTY_METAL_TotalReturnsIndex,nse_tri_prices_TRI_NIFTY_ENERGY_TotalReturnsIndex,nse_tri_prices_TRI_NIFTY_FIN_SERVICE_TotalReturnsIndex,nse_tri_prices_TRI_NIFTY_INFRA_TotalReturnsIndex,nse_bse_price_indices_NSEBANK_PRICE,nse_bse_price_indices_NSECNXIT_PRICE,nse_bse_price_indices_CNXPHARMA_PRICE,nse_bse_price_indices_CNXFMCG_PRICE,nse_bse_price_indices_CNXAUTO_PRICE,nse_bse_price_indices_CNXREALTY_PRICE,nse_bse_price_indices_CNXMETAL_PRICE,nse_bse_price_indices_CNXENERGY_PRICE,nse_bse_price_indices_CNXINFRA_PRICE,nse_bse_price_indices_NSEMIDCAP_PRICE,nse_bse_price_indices_BSE_SENSEX,nse_bse_price_indices_INDIA_VIX,indian_stocks_STOCK_RELIANCE,indian_stocks_STOCK_TCS,indian_stocks_STOCK_HDFCBANK,indian_stocks_STOCK_INFY,indian_stocks_STOCK_ICICIBANK,indian_stocks_STOCK_HUL,indian_stocks_STOCK_INDUSINDBK,indian_stocks_STOCK_SBIN,indian_stocks_STOCK_BHARTIARTL,indian_stocks_STOCK_ARTI,indian_stocks_STOCK_ATUL,indian_stocks_STOCK_BORORENEW,indian_stocks_STOCK_CROMPTON,indian_stocks_STOCK_DEEPAKNTR,indian_stocks_STOCK_LLOYDS,indian_stocks_STOCK_MACPOWER,indian_stocks_STOCK_PERSISTENT,indian_stocks_STOCK_RADICO,indian_stocks_STOCK_SUPRAJIT,indian_stocks_STOCK_TANLA,indian_stocks_STOCK_TIMKEN,indian_stocks_STOCK_VBL,commodities_fx_GOLD_USD,commodities_fx_SILVER_USD,commodities_fx_GOLD_INR_ETF,commodities_fx_SILVER_INR_ETF,commodities_fx_CRUDE_WTI,commodities_fx_CRUDE_BRENT,commodities_fx_USDINR,commodities_fx_EURINR,commodities_fx_GBPINR,indian_etfs_ETF_NIFTY50,indian_etfs_ETF_NIFTYBANK,indian_etfs_ETF_NIFTYIT,indian_etfs_ETF_NIFTY100,indian_etfs_ETF_MOTILAL_NIFTY50,indian_etfs_ETF_GOLD,indian_etfs_ETF_SILVER,indian_etfs_ETF_LIQUID,indian_etfs_ETF_GILT_5Y,indian_etfs_ETF_NASDAQ_100,amfi_mf_nav_MF_LargeCap_Mirae_Asset_Large_Cap_Fund___D,amfi_mf_nav_MF_LargeCap_UTI_Nifty_50_Index_Fund___Dire,amfi_mf_nav_MF_LargeCap_HDFC_Banking_and_PSU_Debt_Fund,amfi_mf_nav_MF_LargeCap_SBI_Banking_&_PSU_Fund___Direc,amfi_mf_nav_MF_LargeCap_Kotak_Corporate_Bond_Fund__Dir,amfi_mf_nav_MF_LargeCap_Aditya_Birla_Sun_Life_Banking_,amfi_mf_nav_MF_LargeCap_NIPPON_INDIA_LARGE_CAP_FUND___,amfi_mf_nav_MF_LargeCap_Tata_Large_Cap_Fund__Direct_Pl,amfi_mf_nav_MF_MidCap_Kotak_Midcap_Fund____Direct_Pl,amfi_mf_nav_MF_MidCap_SBI_Small_Cap_Fund___Direct_Pl,amfi_mf_nav_MF_MidCap_NIPPON_INDIA_BANKING_and_PSU__,amfi_mf_nav_MF_MidCap_Axis_Midcap_Fund___Direct_Plan,amfi_mf_nav_MF_MidCap_ICICI_Prudential_MidCap_Fund__,amfi_mf_nav_MF_MidCap_UTI_Mid_Cap_Fund___Direct_Plan,amfi_mf_nav_MF_MidCap_Mirae_Asset_Midcap_Fund_Direct,amfi_mf_nav_MF_MidCap_DSP_Midcap_Fund___Direct_Plan_,amfi_mf_nav_MF_MidCap_Tata_Mid_Cap_Fund___Direct_Pla,amfi_mf_nav_MF_SmallCap_NIPPON_INDIA_SMALL_CAP_FUND___,amfi_mf_nav_MF_SmallCap_Axis_Small_Cap_Fund___Direct_P,amfi_mf_nav_MF_SmallCap_HDFC_Small_Cap_Fund___Growth_O,amfi_mf_nav_MF_SmallCap_ICICI_Prudential_Smallcap_Fund,amfi_mf_nav_MF_SmallCap_UTI_Small_Cap_Fund___Direct_Pl,amfi_mf_nav_MF_SmallCap_Mirae_Asset_Banking_and_PSU_Fu,amfi_mf_nav_MF_SmallCap_DSP_Small_Cap_Fund___Direct_Pl,amfi_mf_nav_MF_SmallCap_TATA_Small_Cap_Fund_Direct_Pla,amfi_mf_nav_MF_FlexiCap_Parag_Parikh_Flexi_Cap_Fund___,amfi_mf_nav_MF_FlexiCap_Quantum_Dynamic_Term_Fund___Di,amfi_mf_nav_MF_FlexiCap_Franklin_India_Banking_&_PSU_D,amfi_mf_nav_MF_FlexiCap_Samco_Flexi_Cap_Fund___Direct_,amfi_mf_nav_MF_FlexiCap_PGIM_India_Flexi_Cap_Fund___Di,amfi_mf_nav_MF_Sectoral_NIPPON_INDIA_PHARMA_FUND___DIR,amfi_mf_nav_MF_Sectoral_TATA_Digital_India_Fund_Direct,amfi_mf_nav_MF_Balanced_ICICI_Prudential_Balanced_Adva,amfi_mf_nav_MF_Balanced_HDFC_Balanced_Advantage_Fund__,amfi_mf_nav_MF_Balanced_SBI_Balanced_Advantage_Fund___,amfi_mf_nav_MF_Balanced_NIPPON_INDIA_BALANCED_ADVANTAG,amfi_mf_nav_MF_Balanced_Kotak_Balanced_Advantage_Fund_,amfi_mf_nav_MF_Liquid_NIPPON_INDIA_LIQUID_FUND___DIR,amfi_mf_nav_MF_Liquid_HDFC_Liquid_Fund___Growth_Opti,amfi_mf_nav_MF_Liquid_SBI_Liquid_Fund___Direct_Paln_,amfi_mf_nav_MF_Liquid_UTI_Liquid_Fund___Direct_Plan_,amfi_mf_nav_MF_CorpBond_NIPPON_INDIA_CORPORATE_BOND_FU,amfi_mf_nav_MF_CorpBond_HDFC_Corporate_Bond_Fund___Gro,amfi_mf_nav_MF_CorpBond_SBI_Corporate_Bond_Fund___Dire,amfi_mf_nav_MF_CorpBond_UTI_Corporate_Bond_Fund___Dire,amfi_mf_nav_MF_Gilt_SBI_GILT_FUND___DIRECT_PLAN___,amfi_mf_nav_MF_Gilt_ICICI_Prudential_Gilt_Fund___D,amfi_mf_nav_MF_Gilt_HDFC_Gilt_Fund___Growth_Option,amfi_mf_nav_MF_Gilt_Nippon_India_Gilt_Fund___Direc,amfi_mf_nav_MF_Gilt_UTI_Gilt_Fund___Direct_Plan___,amfi_mf_nav_MF_DynamicBond_NIPPON_INDIA_DYNAMIC_BOND_FUND,amfi_mf_nav_MF_DynamicBond_Aditya_Birla_Sun_Life_Dynamic_,amfi_mf_nav_MF_DynamicBond_Kotak_Dynamic_Bond_Fund___Dire,amfi_mf_nav_MF_IndexFunds_HDFC_Nifty_50_Index_Fund___Dir,amfi_mf_nav_MF_IndexFunds_ICICI_Prudential_Nifty_50_Inde,gsec_synthetic_tri_GSEC_10Y_TRI,gsec_synthetic_tri_GSEC_10Y_Price,gsec_synthetic_tri_GSEC_10Y_Yield,gsec_synthetic_tri_GSEC_5Y_TRI,gsec_synthetic_tri_GSEC_5Y_Price,additional_etfs_ETF_NIFTY_NEXT_50,additional_etfs_ETF_NIFTY_MIDCAP150,additional_etfs_ETF_PSU_BANK,additional_etfs_ETF_SENSEX,additional_etfs_ETF_PHARMA_SECTOR,additional_etfs_ETF_AUTO_SECTOR,additional_etfs_ETF_NIFTY200,additional_etfs_ETF_HDFC_GOLD,additional_gold_etf_navs_GoldETF_Invesco_India_Gold_Exchange_Traded_Fund,additional_gold_etf_navs_GoldETF_LIC_MF_Gold_Exchange_Traded_Fund,additional_gold_etf_navs_GoldETF_Tata_Gold_Exchange_Traded_Fund,additional_gold_etf_navs_GoldETF_UTI_GOLD_Exchange_Traded_Fund,amfi_nav_v2_MF_LargeCap_Mirae_Asset_Large_Cap_Fund___D,amfi_nav_v2_MF_LargeCap_UTI_Nifty_50_Index_Fund___Dire,amfi_nav_v2_MF_LargeCap_HDFC_Banking_and_PSU_Debt_Fund,amfi_nav_v2_MF_LargeCap_SBI_Banking_&_PSU_Fund___Direc,amfi_nav_v2_MF_LargeCap_Kotak_Corporate_Bond_Fund__Dir,amfi_nav_v2_MF_LargeCap_Aditya_Birla_Sun_Life_Banking_,amfi_nav_v2_MF_LargeCap_NIPPON_INDIA_LARGE_CAP_FUND___,amfi_nav_v2_MF_LargeCap_Tata_Large_Cap_Fund__Direct_Pl,amfi_nav_v2_MF_MidCap_Kotak_Midcap_Fund____Direct_Pl,amfi_nav_v2_MF_MidCap_SBI_Small_Cap_Fund___Direct_Pl,amfi_nav_v2_MF_MidCap_NIPPON_INDIA_BANKING_and_PSU__,amfi_nav_v2_MF_MidCap_Axis_Midcap_Fund___Direct_Plan,amfi_nav_v2_MF_MidCap_ICICI_Prudential_MidCap_Fund__,amfi_nav_v2_MF_MidCap_UTI_Mid_Cap_Fund___Direct_Plan,amfi_nav_v2_MF_MidCap_Mirae_Asset_Midcap_Fund_Direct,amfi_nav_v2_MF_MidCap_DSP_Midcap_Fund___Direct_Plan_,amfi_nav_v2_MF_MidCap_Tata_Mid_Cap_Fund___Direct_Pla,amfi_nav_v2_MF_SmallCap_NIPPON_INDIA_SMALL_CAP_FUND___,amfi_nav_v2_MF_SmallCap_Axis_Small_Cap_Fund___Direct_P,amfi_nav_v2_MF_SmallCap_HDFC_Small_Cap_Fund___Growth_O,amfi_nav_v2_MF_SmallCap_ICICI_Prudential_Smallcap_Fund,amfi_nav_v2_MF_SmallCap_UTI_Small_Cap_Fund___Direct_Pl,amfi_nav_v2_MF_SmallCap_Mirae_Asset_Banking_and_PSU_Fu,amfi_nav_v2_MF_SmallCap_DSP_Small_Cap_Fund___Direct_Pl,amfi_nav_v2_MF_SmallCap_TATA_Small_Cap_Fund_Direct_Pla,amfi_nav_v2_MF_FlexiCap_Parag_Parikh_Flexi_Cap_Fund___,amfi_nav_v2_MF_FlexiCap_Quantum_Dynamic_Term_Fund___Di,amfi_nav_v2_MF_FlexiCap_Franklin_India_Banking_&_PSU_D,amfi_nav_v2_MF_FlexiCap_Samco_Flexi_Cap_Fund___Direct_,amfi_nav_v2_MF_FlexiCap_PGIM_India_Flexi_Cap_Fund___Di,amfi_nav_v2_MF_Sectoral_NIPPON_INDIA_PHARMA_FUND___DIR,amfi_nav_v2_MF_Sectoral_TATA_Digital_India_Fund_Direct,amfi_nav_v2_MF_Balanced_ICICI_Prudential_Balanced_Adva,amfi_nav_v2_MF_Balanced_HDFC_Balanced_Advantage_Fund__,amfi_nav_v2_MF_Balanced_SBI_Balanced_Advantage_Fund___,amfi_nav_v2_MF_Balanced_NIPPON_INDIA_BALANCED_ADVANTAG,amfi_nav_v2_MF_Balanced_Kotak_Balanced_Advantage_Fund_,amfi_nav_v2_MF_Liquid_NIPPON_INDIA_LIQUID_FUND___DIR,amfi_nav_v2_MF_Liquid_HDFC_Liquid_Fund___Growth_Opti,amfi_nav_v2_MF_Liquid_SBI_Liquid_Fund___Direct_Paln_,amfi_nav_v2_MF_Liquid_UTI_Liquid_Fund___Direct_Plan_,amfi_nav_v2_MF_CorpBond_NIPPON_INDIA_CORPORATE_BOND_FU,amfi_nav_v2_MF_CorpBond_HDFC_Corporate_Bond_Fund___Gro,amfi_nav_v2_MF_CorpBond_SBI_Corporate_Bond_Fund___Dire,amfi_nav_v2_MF_CorpBond_UTI_Corporate_Bond_Fund___Dire,amfi_nav_v2_MF_Gilt_SBI_GILT_FUND___DIRECT_PLAN___,amfi_nav_v2_MF_Gilt_ICICI_Prudential_Gilt_Fund___D,amfi_nav_v2_MF_Gilt_HDFC_Gilt_Fund___Growth_Option,amfi_nav_v2_MF_Gilt_Nippon_India_Gilt_Fund___Direc,amfi_nav_v2_MF_Gilt_UTI_Gilt_Fund___Direct_Plan___,amfi_nav_v2_MF_DynamicBond_NIPPON_INDIA_DYNAMIC_BOND_FUND,amfi_nav_v2_MF_DynamicBond_Aditya_Birla_Sun_Life_Dynamic_,amfi_nav_v2_MF_DynamicBond_Kotak_Dynamic_Bond_Fund___Dire,amfi_nav_v2_MF_IndexFunds_HDFC_Nifty_50_Index_Fund___Dir,amfi_nav_v2_MF_IndexFunds_ICICI_Prudential_Nifty_50_Inde,amfi_nav_v2_LiquidAlt_SBI_Liquid_Fund___Direct_Paln___Fortnigh,amfi_nav_v2_LiquidAlt_SBI_Liquid_Fund___Direct_Plan___Daily_In,amfi_nav_v2_LiquidAlt_SBI_Liquid_Fund___Direct_Plan___Weekly_I,amfi_nav_v2_LiquidAlt_SBI_Liquid_Fund___DIRECT_PLAN__Growth,amfi_nav_v2_LiquidAlt_HDFC_Liquid_Fund___Growth_Option___Direc,amfi_nav_v2_LiquidAlt_Kotak_Liquid_Fund___Direct_Plan___Daily_,amfi_nav_v2_LiquidAlt_NIPPON_INDIA_LIQUID_FUND___DIRECT_Plan__,amfi_nav_v2_LiquidAlt_UTI_Liquid_Fund___Direct_Plan___Annual_I
2000-12-31,-0.17418855128502286,-0.14200663248875023,-0.42007060903740556,0.0,-0.08674775828944048,0.0,0.0,0.0,0.0,0.0,0.0,0.0,0.0,0.0,0.0,0.0,0.0,0.0,0.0,0.0,0.0,0.0,0.0,-0.23690705275226132,0.0,0.0571731206821644,0.0,-0.05565999375453956,-0.2109517467646329,0.0,-0.14228555632247863,0.0,-0.19412301359030604,0.0,0.0,0.0,0.0,0.0,0.0,0.0,0.0,0.0,0.0,0.0,0.0,0.0,0.0,-0.022637398739864034,-0.08354982262285993,0.0,0.0,-0.19033231200859846,0.0,0.0,0.0,0.0,0.0,0.0,0.0,0.0,0.0,0.0,0.0,0.0,0.0,0.0,0.0,0.0,0.0,0.0,0.0,0.0,0.0,0.0,0.0,0.0,0.0,0.0,0.0,0.0,0.0,0.0,0.0,0.0,0.0,0.0,0.0,0.0,0.0,0.0,0.0,0.0,0.0,0.0,0.0,0.0,0.0,0.0,0.0,0.0,0.0,0.0,0.0,0.0,0.0,0.0,0.0,0.0,0.0,0.0,0.0,0.0,0.0,0.0,0.0,0.0,0.0,0.0,0.0,0.0,0.0,0.0,0.0,0.0,0.0,0.0,0.0,0.0,0.0,0.0,0.0,0.0,0.0,0.0,0.0,0.0,0.0,0.0,0.0,0.0,0.0,0.0,0.0,0.0,0.0,0.0,0.0,0.0,0.0,0.0,0.0,0.0,0.0,0.0,0.0,0.0,0.0,0.0,0.0,0.0,0.0,0.0,0.0,0.0,0.0,0.0,0.0,0.0,0.0,0.0,0.0,0.0,0.0,0.0,0.0,0.0,0.0,0.0,0.0,0.0,0.0,0.0,0.0,0.0,0.0,0.0,0.0,0.0,0.0,0.0,0.0,0.0,0.0,0.0,0.0,0.0,0.0,0.0,0.0,0.0,0.0
2001-12-31,-0.15048927292197478,-0.08372390285470821,-0.3754358683584187,-0.003738715462476838,-0.09433179942767411,0.0,0.0,0.0,0.0,0.0,-0.07126836477440657,0.0,0.0,0.0,0.0,0.0,0.0,0.0,0.0,0.0,0.0,0.0,0.0,-0.1786929947035626,0.0,-0.0776686555006445,0.0,0.021090633043479023,-0.279527703182161,0.0,0.10204548179753181,0.0,-0.035907107893694334,0.0,0.0,0.0,0.0,0.0,0.0,0.0,0.0,0.0,0.0,0.0,0.0,0.0,0.0,0.024632397819967844,-0.0013086241901306694,0.0,0.0,-0.2597014657689978,0.0,0.0,0.0,0.0,0.0,0.0,0.0,0.0,0.0,0.0,0.0,0.0,0.0,0.0,0.0,0.0,0.0,0.0,0.0,0.0,0.0,0.0,0.0,0.0,0.0,0.0,0.0,0.0,0.0,0.0,0.0,0.0,0.0,0.0,0.0,0.0,0.0,0.0,0.0,0.0,0.0,0.0,0.0,0.0,0.0,0.0,0.0,0.0,0.0,0.0,0.0,0.0,0.0,0.0,0.0,0.0,0.0,0.0,0.0,0.0,0.0,0.0,0.0,0.0,0.0,0.0,0.0,0.0,0.0,0.0,0.0,0.0,0.0,0.0,0.0,0.0,0.0,0.0,0.0,0.0,0.0,0.0,0.0,0.0,0.0,0.0,0.0,0.0,0.0,0.0,0.0,0.0,0.0,0.0,0.0,0.0,0.0,0.0,0.0,0.0,0.0,0.0,0.0,0.0,0.0,0.0,0.0,0.0,0.0,0.0,0.0,0.0,0.0,0.0,0.0,0.0,0.0,0.0,0.0,0.0,0.0,0.0,0.0,0.0,0.0,0.0,0.0,0.0,0.0,0.0,0.0,0.0,0.0,0.0,0.0,0.0,0.0,0.0,0.0,0.0,0.0,0.0,0.0,0.0,0.0,0.0,0.0,0.0,0.0
2002-12-31,0.05336092081927912,0.45250827603768795,0.04786057156525403,0.06351191929053757,-0.10479131798770658,0.0,0.0,0.0,0.0,0.0,0.6282668114422643,0.0,0.0,0.0,0.0,0.0,0.0,0.0,0.0,0.0,0.0,0.0,0.0,0.0352355366928232,0.0,0.007647774886509362,0.3646420411798501,-0.03120652664317014,0.17657986188622377,-0.0007110932104357204,-0.16390649442746297,0.058828913072419775,0.5970829247395477,-0.27272744630997026,0.05679505965339926,0.18181817210428464,0.0,0.0,0.0,0.0,0.0,0.0,0.0,0.0,0.0,-0.11550635231741146,0.0,0.2472191994211399,0.04848222805312474,0.0,0.0,0.5725806715213047,0.0,0.0,0.0,0.0,0.0,0.0,0.0,0.0,0.0,0.0,0.0,0.0,0.0,0.0,0.0,0.0,0.0,0.0,0.0,0.0,0.0,0.0,0.0,0.0,0.0,0.0,0.0,0.0,0.0,0.0,0.0,0.0,0.0,0.0,0.0,0.0,0.0,0.0,0.0,0.0,0.0,0.0,0.0,0.0,0.0,0.0,0.0,0.0,0.0,0.0,0.0,0.0,0.0,0.0,0.0,0.0,0.0,0.0,0.0,0.0,0.0,0.0,0.0,0.0,0.0,0.0,0.0,0.0,0.0,0.0,0.0,0.0,0.0,0.0,0.0,0.0,0.0,0.0,0.0,0.0,0.0,0.0,0.0,0.0,0.0,0.0,0.0,0.0,0.0,0.0,0.0,0.0,0.0,0.0,0.0,0.0,0.0,0.0,0.0,0.0,0.0,0.0,0.0,0.0,0.0,0.0,0.0,0.0,0.0,0.0,0.0,0.0,0.0,0.0,0.0,0.0,0.0,0.0,0.0,0.0,0.0,0.0,0.0,0.0,0.0,0.0,0.0,0.0,0.0,0.0,0.0,0.0,0.0,0.0,0.0,0.0,0.0,0.0,0.0,0.0,0.0,0.0,0.0,0.0,0.0,0.0,0.0,0.0,0.0
2003-12-31,0.7661142564745882,1.1881898286480879,0.24282638582656713,0.8605184894762505,0.3534249676178016,0.0,1.5131392588214916,0.0,0.0,0.0,1.3997275094710586,0.0,0.0,0.0,0.0,0.0,0.0,0.0,0.0,0.0,0.0,0.0,0.0,0.7288942315373026,0.0,0.9853247292746192,-0.3614057802114974,0.7108306332677148,0.17590419219570053,1.2045312660864762,0.17347118639550851,1.8669609123904465,0.94330342261742,3.6096499421494626,6.572480220297725,1.1734252011575155,0.0,0.0,0.0,0.0,0.0,0.0,1.1385706720746467,0.0,0.0,0.0,0.0,0.19591485876796977,0.23994999417485996,0.0,0.0,0.042307681491859706,0.0,0.0,0.0,0.0,0.0,0.0,0.0,0.0,0.0,0.0,0.0,0.0,0.0,0.0,0.0,0.0,0.0,0.0,0.0,0.0,0.0,0.0,0.0,0.0,0.0,0.0,0.0,0.0,0.0,0.0,0.0,0.0,0.0,0.0,0.0,0.0,0.0,0.0,0.0,0.0,0.0,0.0,0.0,0.0,0.0,0.0,0.0,0.0,0.0,0.0,0.0,0.0,0.0,0.0,0.0,0.0,0.0,0.0,0.0,0.0,0.0,0.0,0.0,0.0,0.0,0.0,0.0,0.0,0.0,0.0,0.0,0.0,0.0,0.0,0.0,0.0,0.0,0.0,0.0,0.0,0.0,0.0,0.0,0.0,0.0,0.0,0.0,0.0,0.0,0.0,0.0,0.0,0.0,0.0,0.0,0.0,0.0,0.0,0.0,0.0,0.0,0.0,0.0,0.0,0.0,0.0,0.0,0.0,0.0,0.0,0.0,0.0,0.0,0.0,0.0,0.0,0.0,0.0,0.0,0.0,0.0,0.0,0.0,0.0,0.0,0.0,0.0,0.0,0.0,0.0,0.0,0.0,0.0,0.0,0.0,0.0,0.0,0.0,0.0,0.0,0.0,0.0,0.0,0.0,0.0,0.0,0.0,0.0,0.0
2004-12-31,0.13035473122952634,0.38375604811319786,0.26125704935277394,0.18624588815789478,0.0036980942735291844,0.18303808369801344,0.2819714403872815,0.5716801207436715,0.0,0.37836334150123707,0.050546791716075345,0.2705600833016282,0.3670116115240738,0.0,0.0,0.0,0.0,0.0,0.0,0.0,0.0,0.0,0.0,0.13079897543022811,0.0,-0.04921087424506565,3.3600929631732823,0.43838852874574674,0.5408540355473346,0.2926848702450202,-0.2674186943691047,0.5021607548553837,0.24532953277260994,1.0585160276094645,1.012440446002591,-0.014516569184561678,0.0,0.0,0.0,0.0,0.0,0.0,2.411200292671286,0.0,0.0,0.0,0.0,0.05244163375706545,0.14345709418819386,0.0,0.0,0.33610086566177766,0.0,-0.04880299103106267,0.02451448687086688,0.0,0.0,0.0,0.0,0.0,0.0,0.0,0.0,0.0,0.0,0.0,0.0,0.0,0.0,0.0,0.0,0.0,0.0,0.0,0.0,0.0,0.0,0.0,0.0,0.0,0.0,0.0,0.0,0.0,0.0,0.0,0.0,0.0,0.0,0.0,0.0,0.0,0.0,0.0,0.0,0.0,0.0,0.0,0.0,0.0,0.0,0.0,0.0,0.0,0.0,0.0,0.0,0.0,0.0,0.0,0.0,0.0,0.0,0.0,0.0,0.0,0.0,0.0,0.0,0.0,0.0,0.0,0.0,0.0,0.0,0.0,0.0,0.0,0.0,0.0,0.0,0.0,0.0,0.0,0.0,0.0,0.0,0.0,0.0,0.0,0.0,0.0,0.0,0.0,0.0,0.0,0.0,0.0,0.0,0.0,0.0,0.0,0.0,0.0,0.0,0.0,0.0,0.0,0.0,0.0,0.0,0.0,0.0,0.0,0.0,0.0,0.0,0.0,0.0,0.0,0.0,0.0,0.0,0.0,0.0,0.0,0.0,0.0,0.0,0.0,0.0,0.0,0.0,0.0,0.0,0.0,0.0,0.0,0.0,0.0,0.0,0.0,0.0,0.0,0.0,0.0,0.0,0.0,0.0,0.0,0.0
2005-12-31,0.386331690699828,0.3213833485634594,0.33522644531818835,0.02201944574429371,0.6226567056405699,0.5360302022228434,0.3755645375536072,0.6002357117914101,0.0,0.060752318790794124,0.3421026827961282,0.3850245466938793,0.456420681517705,0.0,0.0,0.0,0.0,0.0,0.0,0.0,0.0,0.0,0.0,0.42334863077008467,0.0,0.7072208762371688,0.28905701635405556,0.37350464302345054,0.4404842286139674,0.6015139228797126,0.42035002485519724,-0.01505019552656206,0.4189534067341736,0.5969489805743375,0.40422181149435943,0.6656450950166317,0.0,0.0,0.0,0.0,0.0,0.0,1.8827497988793147,1.4491653643196014,0.0,0.0,0.0,0.18194280133928586,0.29572491365163667,0.0,0.0,0.4048331379453327,0.0,0.03837634190004846,-0.09377017003852028,0.0,0.0,0.0,0.0,0.0,0.0,0.0,0.0,0.0,0.0,0.0,0.0,0.0,0.0,0.0,0.0,0.0,0.0,0.0,0.0,0.0,0.0,0.0,0.0,0.0,0.0,0.0,0.0,0.0,0.0,0.0,0.0,0.0,0.0,0.0,0.0,0.0,0.0,0.0,0.0,0.0,0.0,0.0,0.0,0.0,0.0,0.0,0.0,0.0,0.0,0.0,0.0,0.0,0.0,0.0,0.0,0.0,0.0,0.0,0.0,0.0,0.0,0.0,0.0,0.0,0.0,0.0,0.0,0.0,0.0,0.0,0.0,0.0,0.0,0.0,0.0,0.0,0.0,0.0,0.0,0.0,0.0,0.0,0.0,0.0,0.0,0.0,0.0,0.0,0.0,0.0,0.0,0.0,0.0,0.0,0.0,0.0,0.0,0.0,0.0,0.0,0.0,0.0,0.0,0.0,0.0,0.0,0.0,0.0,0.0,0.0,0.0,0.0,0.0,0.0,0.0,0.0,0.0,0.0,0.0,0.0,0.0,0.0,0.0,0.0,0.0,0.0,0.0,0.0,0.0,0.0,0.0,0.0,0.0,0.0,0.0,0.0,0.0,0.0,0.0,0.0,0.0,0.0,0.0,0.0,0.0
2006-12-31,0.41900535878832335,0.3505872491212696,0.3988389732200397,0.26459864845386116,0.19059871482552793,0.30079024809601984,0.3086561961847347,0.47626862821760185,0.0,0.9808928542513395,0.23332919894182225,0.4176694488538415,0.5700982928091045,0.0,0.0,0.0,0.0,0.0,0.0,0.0,0.0,0.0,0.0,0.46701567416360756,0.0,1.3123059430298687,0.4483434976626872,0.5163823184558647,0.5201775048987789,0.5501596066646719,0.12230776667301213,-0.18851755264538428,0.397085701933245,0.8232998293240261,-0.5947676229759811,0.1561178042692719,0.0,0.0,0.0,0.0,0.0,0.0,-0.7708658916357133,0.027290840557454787,0.0,0.0,0.0,0.2283891746219322,0.4532880139785733,0.0,0.0,0.00016379949841449637,0.0,-0.020680459860597744,0.09024276433778655,0.003011026529530225,0.0,0.0,0.0,0.0,0.0,0.0,0.0,0.0,0.0,0.0,0.0,0.0,0.0,0.0,0.0,0.0,0.0,0.0,0.0,0.0,0.0,0.0,0.0,0.0,0.0,0.0,0.0,0.0,0.0,0.0,0.0,0.0,0.0,0.0,0.0,0.0,0.0,0.0,0.0,0.0,0.0,0.0,0.0,0.0,0.0,0.0,0.0,0.0,0.0,0.0,0.0,0.0,0.0,0.0,0.0,0.0,0.0,0.0,0.0,0.0,0.0,0.0,0.0,0.0,0.0,0.0,0.0,0.0,0.0,0.0,0.0,0.0,0.0,0.0,0.0,0.0,0.0,0.0,0.0,0.0,0.0,0.0,0.0,0.0,0.0,0.0,0.0,0.0,0.0,0.0,0.0,0.0,0.0,0.0,0.0,0.0,0.0,0.0,0.0,0.0,0.0,0.0,0.0,0.0,0.0,0.0,0.0,0.0,0.0,0.0,0.0,0.0,0.0,0.0,0.0,0.0,0.0,0.0,0.0,0.0,0.0,0.0,0.0,0.0,0.0,0.0,0.0,0.0,0.0,0.0,0.0,0.0,0.0,0.0,0.0,0.0,0.0,0.0,0.0,0.0,0.0,0.0,0.0,0.0,0.0
2007-12-31,0.568048419128077,0.6612881384621894,-0.11067402390748882,0.16064178939357876,0.2514551135020475,0.06511497856331872,0.7935742985999232,0.8927701456318147,0.7371800000000002,1.433088920496346,1.0016751918687055,0.8483451123926937,0.9659786764477316,0.22646167465127243,0.001748449690324394,0.0,0.0,0.0,0.0,0.0,0.0,0.0,0.3396798327875672,0.47146750101786417,0.0,1.2902052540705902,-0.10868989705440668,0.6301026502695042,-0.20532848802435533,0.40482691202138565,0.03312720474584796,1.7240246154378727,0.9238365440499205,0.5817127018516408,0.6008566088386085,-0.05148509659938649,0.0,0.0,0.0,0.0,0.0,0.0,0.07121811178101023,-0.2969634781387167,0.9579485455923646,4.169946760681235,0.0,0.3143891819415503,0.15439226995545674,0.0,0.0,0.5721540467877468,0.2180401655672617,-0.10887833523981583,-0.012445273948183622,-0.09994224880476343,0.0,0.0,0.0,0.0,0.0,0.0,0.0,0.0,0.0,0.0,0.0,0.0,0.0,0.0,0.0,0.0,0.0,0.0,0.0,0.0,0.0,0.0,0.0,0.0,0.0,0.0,0.0,0.0,0.0,0.0,0.0,0.0,0.0,0.0,0.0,0.0,0.0,0.0,0.0,0.0,0.0,0.0,0.0,0.0,0.0,0.0,0.0,0.0,0.0,0.0,0.0,0.0,0.0,0.0,0.0,0.0,0.0,0.0,0.0,0.0,0.0,0.0,0.0,0.0,0.0,0.0,0.0,0.0,0.0,0.0,0.0,0.0,0.0,0.0,0.0,0.0,0.0,0.0,0.0,0.0,0.0,0.16768666529924503,0.0,0.0,0.0,0.0,0.0,0.0,0.0,0.0,0.0,0.0,0.0,0.0,0.0,0.0,0.0,0.0,0.0,0.0,0.0,0.0,0.0,0.0,0.0,0.0,0.0,0.0,0.0,0.0,0.0,0.0,0.0,0.0,0.0,0.0,0.0,0.0,0.0,0.0,0.0,0.0,0.0,0.0,0.0,0.0,0.0,0.0,0.0,0.0,0.0,0.0,0.0,0.0,0.0,0.0,0.0,0.0,0.0,0.0,0.0,0.0,0.0,0.0,0.0
2008-12-31,-0.5127146357023005,-0.4851465140349671,-0.5416271489029337,-0.24862438584785473,-0.17823447726599762,-0.540304040347793,-0.5873909755581503,-0.7059040782524658,-0.8254124500627453,-0.7327023898914662,-0.47378990908402663,-0.5460467176487449,-0.5685679275860707,-0.49292088083471997,-0.5455678935249417,0.0,0.0,0.0,0.0,0.0,0.0,0.0,-0.5939498735012438,-0.5244583125018834,0.2262379311617566,-0.5701109106450246,-0.5479971059483397,-0.4193786905064605,-0.355828852638294,-0.6317339759555689,0.2049573609301758,-0.7026238761590586,-0.41564918835044784,-0.28191491957469095,-0.25936748866829507,-0.5817250146706616,0.0,0.0,0.0,0.0,0.0,0.0,-0.5915369346056966,-0.6506980073164594,-0.8143902990934132,-0.5941177171262133,0.0,0.058330278773261135,-0.23835909237944164,0.0,0.0,-0.5353198904540444,-0.514224817327416,0.22474200369154196,0.17267677465121256,-0.09645437812274094,0.0,0.0,0.0,0.0,0.0,0.0,0.0,0.0,0.0,0.0,0.0,0.0,0.0,0.0,0.0,0.0,0.0,0.0,0.0,0.0,0.0,0.0,0.0,0.0,0.0,0.0,0.0,0.0,0.0,0.0,0.0,0.0,0.0,0.0,0.0,0.0,0.0,0.0,0.0,0.0,0.0,0.0,0.0,0.0,0.0,0.0,0.0,0.0,0.0,0.0,0.0,0.0,0.0,0.0,0.0,0.0,0.0,0.0,0.0,0.0,0.0,0.0,0.0,0.0,0.0,0.0,0.0,0.0,0.0,0.0,0.0,0.0,0.0,0.0,0.0,0.0,0.0,0.0,0.0,0.0,0.0,0.2564866412023452,0.0,0.0,0.0,0.0,0.0,0.0,0.0,0.0,0.0,0.0,0.0,0.0,0.0,0.0,0.0,0.0,0.0,0.0,0.0,0.0,0.0,0.0,0.0,0.0,0.0,0.0,0.0,0.0,0.0,0.0,0.0,0.0,0.0,0.0,0.0,0.0,0.0,0.0,0.0,0.0,0.0,0.0,0.0,0.0,0.0,0.0,0.0,0.0,0.0,0.0,0.0,0.0,0.0,0.0,0.0,0.0,0.0,0.0,0.0,0.0,0.0,0.0,0.0
2009-12-31,0.7759078294878528,0.8353772169100304,1.6758313410128234,0.6093882744596031,0.4441484817892365,1.977062315053559,1.021865006730434,1.1032369065993954,0.7140030993438624,2.3246188459169694,0.6347553813999356,0.9128425886066871,0.40930846190493697,0.8053404965608408,1.6604480577703469,0.0,0.0,0.0,0.0,0.0,0.0,0.0,0.9897204225235219,0.8103296488607727,-0.4583430013938826,0.7808465486150287,2.2023380494319396,0.7160717874829143,1.361691027611938,0.9863751710342257,0.08611312211316724,2.8761117989747884,0.7899856919751258,-0.07599681333580033,0.6107900165318401,1.287457955711028,0.0,0.0,0.0,0.0,0.0,0.0,0.6223220524805579,1.4145013016954269,-0.12827534274263142,1.3648768124436739,0.0,0.23947485449580252,0.4926352990475438,0.18000003269740494,0.0,0.779372271871259,0.7093660900273575,-0.03464053153857494,-0.010463575587390306,0.06343440724363014,0.8009251849095802,1.0337078651685396,0.0,0.0,0.0,0.18000003269740494,0.0,0.0,0.0,0.0,0.0,0.0,0.0,0.0,0.0,0.0,0.0,0.0,0.0,0.0,0.0,0.0,0.0,0.0,0.0,0.0,0.0,0.0,0.0,0.0,0.0,0.0,0.0,0.0,0.0,0.0,0.0,0.0,0.0,0.0,0.0,0.0,0.0,0.0,0.0,0.0,0.0,0.0,0.0,0.0,0.0,0.0,0.0,0.0,0.0,0.0,0.0,0.0,0.0,0.0,0.0,0.0,0.0,0.0,0.0,0.0,0.0,0.0,0.0,0.0,0.0,0.0,0.9257143293108263,0.0,0.0,0.0,0.0,0.0,0.0,0.0,0.0,0.22364865140477463,0.0,0.0,0.0,0.0,0.0,0.0,0.0,0.0,0.0,0.0,0.0,0.0,0.0,0.0,0.0,0.0,0.0,0.0,0.0,0.0,0.0,0.0,0.0,0.0,0.0,0.0,0.0,0.0,0.0,0.0,0.0,0.0,0.0,0.0,0.0,0.0,0.0,0.0,0.0,0.0,0.0,0.0,0.0,0.0,0.0,0.0,0.0,0.0,0.0,0.0,0.0,0.0,0.0,0.0,0.0,0.0,0.0,0.0,0.0,0.0,0.0,0.0,0.0
2010-12-31,0.1922449693896675,0.32007910842184795,0.30833448401900654,0.36298145250862834,0.329008458671886,0.3745244440827622,0.20407513867166394,0.1896317261079652,-0.2527316097260698,0.009311557219009003,0.047534278797149776,0.3127716181817275,-0.03253345399133589,0.3058807166393709,0.287484570223286,0.0,0.0,0.0,-0.1396059625099575,0.0,0.0,0.007297795653897987,0.1916371257203382,0.17430932266366428,-0.2904884593967646,-0.022023983410570436,0.5929841564068217,0.3872318239424919,0.34933825601669866,0.32498462572507014,0.2096200547100706,0.863936693913302,0.2566684322579853,0.0915501284146727,0.37619841473659466,1.0759196699144788,0.0,0.0,0.0857461816604903,0.0,0.0,0.08420943617858034,0.3728924481147855,1.137841484441617,-0.636335225421132,0.2718094366763881,0.0,0.2975712554272365,0.8374746713928203,0.2166465117342351,0.0,0.15146165008343715,0.2158347187085421,-0.034267243540952896,-0.10396802636330849,-0.07744686477037444,0.18609954508944848,0.31238678147121,0.0,0.0,0.0,0.2166465117342351,0.0,-1.003786967435083e-05,0.0,0.0,0.0,0.0,0.0,0.0,0.0,0.0,0.0,0.0,0.0,0.0,0.0,0.0,0.0,0.0,0.0,0.0,0.0,0.0,0.0,0.0,0.0,0.0,0.0,0.0,0.0,0.0,0.0,0.0,0.0,0.0,0.0,0.0,0.0,0.0,0.0,0.0,0.0,0.0,0.0,0.0,0.0,0.0,0.0,0.0,0.0,0.0,0.0,0.0,0.0,0.0,0.0,0.0,0.0,0.0,0.0,0.0,0.0,0.0,0.0,0.0,0.0,0.0,0.3353115424699744,0.0,0.0,0.0,0.0,0.0,0.24714730480006875,0.0,0.0,0.21724414687015625,0.0,0.0,0.0,0.0,0.0,0.0,0.0,0.0,0.0,0.0,0.0,0.0,0.0,0.0,0.0,0.0,0.0,0.0,0.0,0.0,0.0,0.0,0.0,0.0,0.0,0.0,0.0,0.0,0.0,0.0,0.0,0.0,0.0,0.0,0.0,0.0,0.0,0.0,0.0,0.0,0.0,0.0,0.0,0.0,0.0,0.0,0.0,0.0,0.0,0.0,0.0,0.0,0.0,0.0,0.0,0.0,0.0,0.0,0.0,0.0,0.0,0.0,0.0
2011-12-31,-0.2380788460814025,-0.3174648769331301,-0.17031381537613388,-0.08976041807230362,0.10184489840839306,-0.17823417221007598,-0.3003501866979762,-0.33063658454075295,-0.5125366833135971,-0.4716132342971011,-0.28178179210286947,-0.2828604135992123,-0.37984716984682054,-0.3242010616760136,-0.18049419711789483,-0.02421207928193514,0.18863503361793899,-0.07643629533969754,-0.5151993919456088,-0.3502343597032358,-0.20708920145013088,-0.38544081376440187,-0.30995687543668393,-0.2464356029633964,0.6370773843384783,-0.3394290424440469,0.009639368559062111,-0.08409405262081515,-0.18580906467311198,-0.3942868411476056,0.32788784559692563,-0.14100810524708218,-0.4166793890807027,-0.040217339038302824,-0.23177668792532613,-0.25552058372151865,0.0,0.0,-0.1940394584960048,0.0,0.0,-0.22461189004839288,-0.28739752135744834,-0.1312334120949613,-0.7287356767019089,0.051631024807068826,0.0,0.1018225851298924,-0.09818828412793412,0.2986964379679935,0.0,0.081527739128467,0.13329812404662822,0.1827716664965473,0.15341614882967547,0.18238263630910478,-0.24038461123531896,-0.32464999476796386,0.0,0.0,0.1425202937589658,0.2986964379679935,0.0,0.0,0.0,0.0,0.0,0.0,0.0,0.0,0.0,0.0,0.0,0.0,0.0,0.0,0.0,0.0,0.0,0.0,0.0,0.0,0.0,0.0,0.0,0.0,0.0,0.0,0.0,0.0,0.0,0.0,0.0,0.0,0.0,0.0,0.0,0.0,0.0,0.0,0.0,0.0,0.0,0.0,0.0,0.0,0.0,0.0,0.0,0.0,0.0,0.0,0.0,0.0,0.0,0.0,0.0,0.0,0.0,0.0,0.0,0.0,0.0,0.0,0.0,0.0,0.0,0.0,-0.40133332146538636,0.0,0.0,0.0,0.0,0.0,0.3085794792885663,0.0,0.0,0.30918479507034524,0.0,0.0,0.0,0.0,0.0,0.0,0.0,0.0,0.0,0.0,0.0,0.0,0.0,0.0,0.0,0.0,0.0,0.0,0.0,0.0,0.0,0.0,0.0,0.0,0.0,0.0,0.0,0.0,0.0,0.0,0.0,0.0,0.0,0.0,0.0,0.0,0.0,0.0,0.0,0.0,0.0,0.0,0.0,0.0,0.0,0.0,0.0,0.0,0.0,0.0,0.0,0.0,0.0,0.0,0.0,0.0,0.0,0.0,0.0,0.0,0.0,0.0,0.0
2012-12-31,0.2943488097328604,0.5844398170586973,-0.0015743530112493076,0.32941470927993866,0.5071530605874763,0.44611350835346797,0.41434899325117325,0.3854195913918115,0.5360160540768899,0.19445291177825808,0.15528339346917308,0.5408726185195718,0.23039015975659427,0.5654158296110725,-0.01857791247556606,0.3187653646544659,0.4852722549649877,0.42470977721065717,0.527144367282538,0.1767629169365199,0.13767021013520786,0.21652789251331916,0.3915752961016672,0.25699201520955817,-0.4485429925236999,0.22756601718949865,0.10429627654761586,0.6023356361778276,-0.14522881971863322,0.6967857005207585,0.33050101947336263,0.8584007214633971,0.5002535592414636,-0.07330289346137031,1.3116721640439617,2.2153954086145964,0.0,0.0,0.7949306236725142,0.0,0.0,0.5862552652262338,0.3560843670617302,0.6592948872419506,-0.03389847208401975,0.13578795684281997,0.0,0.06961297522092802,0.08243947392621953,0.11253170206590668,0.0,-0.07092989989227916,0.03473648214136893,0.033075440604731554,0.053151704241231945,0.08228381888608682,0.2740953048588637,0.5803156632105222,0.0,0.0,0.17258969754193032,0.11253170206590668,0.0,0.0,0.0,0.0,0.0,0.0,0.0,0.0,0.0,0.0,0.0,0.0,0.0,0.0,0.0,0.0,0.0,0.0,0.0,0.0,0.0,0.0,0.0,0.0,0.0,0.0,0.0,0.0,0.0,0.0,0.0,0.0,0.0,0.0,0.0,0.0,0.0,0.0,0.0,0.0,0.0,0.0,0.0,0.0,0.0,0.0,0.0,0.0,0.0,0.0,0.0,0.0,0.0,0.0,0.0,0.0,0.0,0.0,0.0,0.0625590212744751,0.006987820892686347,-0.011839708561020013,0.059999276045025196,0.004090740261073922,0.0,0.0,0.4318611750414303,0.0,0.0,0.0,0.0,0.0,0.11023722129069835,0.0,0.0,0.10940186985627243,0.0,0.0,0.0,0.0,0.0,0.0,0.0,0.0,0.0,0.0,0.0,0.0,0.0,0.0,0.0,0.0,0.0,0.0,0.0,0.0,0.0,0.0,0.0,0.0,0.0,0.0,0.0,0.0,0.0,0.0,0.0,0.0,0.0,0.0,0.0,0.0,0.0,0.0,0.0,0.0,0.0,0.0,0.0,0.0,0.0,0.0,0.0,0.0,0.0,0.0,0.0,0.0,0.0,0.0,0.0,0.0,0.0,0.0,0.0,0.0,0.0,0.0,0.0
2013-12-31,0.08072455311453286,-0.076887054613066,0.6018640234187056,0.27334184892642677,0.13335009651009178,0.10706577535634931,-0.03714759306854187,-0.06950395193304981,-0.33569414838754064,-0.12243650423898578,0.019380612024171517,-0.06108901862835847,-0.027944610984102503,-0.08729990971922807,0.579739134902729,0.2651118799192216,0.12183322247574147,0.0940783583002307,-0.34376105896109166,-0.142625602049392,0.004263730023100987,-0.041644062802224324,-0.05100467068126213,0.08977169401504592,0.011371242706544216,0.07914756725484229,0.7564323324174023,-0.010592662880298365,0.5298520797562412,-0.01854542864716413,0.108086212808288,0.015068531272490304,-0.24499267342176234,0.04481799276089404,0.03429319758701466,0.08773372552950898,0.0,0.0,0.16847083319202327,0.0,0.0,0.940635165154541,-0.04393725869080356,0.7674174324862404,-0.21929825130707636,-0.06205220944642764,0.0,-0.28236207942849967,-0.35906272207782086,-0.06421727065237026,0.0,0.07187974837788147,-0.0027900059120768983,0.12834001130063966,0.1804563044486993,0.15370691436516415,0.06452197881678146,-0.09198684805037105,0.0,0.0,0.5950225313466961,-0.06421727065237026,0.0,0.05498448357436181,0.0,0.0,0.08385766404060702,0.04892283117655949,0.0,0.00047811914409989775,0.0,0.0040426188945574815,0.037031812613683046,0.07138734836784155,-0.07341394472361784,0.05998038746341949,0.0,0.049592894152479694,0.08185053380782903,0.13936655001384768,0.0,0.057033051498847076,0.09656269373594917,0.19003348051822,0.0,0.0,0.07866991078669905,0.0,0.0,0.06880037378810888,0.0,0.11375481758092532,0.0,0.0,0.0,0.0,0.26737707817474354,0.0,0.10759493670886044,-0.03734852408078715,0.0,0.04520814880425128,0.0,0.0,0.093514635115447,0.0018695497188319088,0.0,0.00018721442487135143,0.06532851364693215,0.0,0.0,0.047916069924629046,-0.006429057105452718,-0.0009076322841795603,0.017955789801046063,0.008317769477054426,0.013633504879252856,0.06118959639058463,0.08513595521014783,0.05426372963765935,0.06149569016118761,0.005634301933076014,-0.05102719785319809,0.09067505376344132,0.028330361690095396,-0.030341117935383077,0.0,0.0,-0.29556799266458034,0.0,0.0,0.0,0.0,0.0,-0.10924356132443691,0.0,0.0,-0.14119608669482642,0.08385766404060702,0.04892283117655949,0.0,0.00047811914409989775,0.0,0.0040426188945574815,0.037031812613683046,0.07138734836784155,-0.07341394472361784,0.05998038746341949,0.0,0.049592894152479694,0.08185053380782903,0.13936655001384768,0.0,0.057033051498847076,0.09656269373594917,0.19003348051822,0.0,0.0,0.07866991078669905,0.0,0.0,0.06880037378810888,0.0,0.11375481758092532,0.0,0.0,0.0,0.0,0.26737707817474354,0.0,0.10759493670886044,-0.03734852408078715,0.0,0.04520814880425128,0.0,0.0,0.093514635115447,0.0018695497188319088,0.0,0.00018721442487135143,0.06532851364693215,0.0,0.0,0.047916069924629046,-0.006429057105452718,-0.0009076322841795603,0.017955789801046063,0.008317769477054426,0.013633504879252856,0.06118959639058463,0.08513595521014783,0.05426372963765935,0.06149569016118761,0.0018695497188319088,0.0,-0.00040629956365223485,0.08508015515280576,0.093514635115447,0.0,0.0,0.0
2014-12-31,0.3289919986349543,0.6615753127633632,0.2013459368315471,0.4439174741822487,0.1957848744091737,0.5816259289736929,0.5787443925075808,0.5662115901031091,0.10827036538660573,0.08443822257389288,0.10101494424127533,0.5912057529231847,0.24177568400072413,0.6456951063442895,0.17844894225262187,0.43416781047375497,0.18221813080009852,0.5669252971263004,0.10021668141021678,0.07015601396312254,0.0853765988340176,0.22705712871675465,0.559085886274078,0.2989389253341601,-3.3306690738754696e-16,0.0052983904413683724,0.21460971648881033,0.4412388836226475,0.15621163271164673,0.6585341431076708,0.35892293628047756,0.9199377808857643,0.7914391508309104,0.07784919582193406,1.6145649227115482,2.10111903887579,0.0,0.0,1.7552453442910938,0.0,0.0,0.7206303146439383,-0.3839532197519866,1.7486980294063805,2.797752963775582,2.0093669595334975,0.0,-0.014976287240509145,-0.1951497484122522,-0.09322902797299659,0.0,-0.4587482071852743,-0.4825812251622935,0.02586596963950405,-0.09845580209215044,-0.033865852924383155,0.31565575062351625,0.6494004827000663,0.0,0.0,0.18817899247447056,-0.09322902797299659,0.0,0.05950519096309459,0.0,0.0,0.5437826235426118,0.32015686352574657,0.06638755980861233,0.0015176890304213764,0.0,0.11249674788019814,0.44140661354638766,0.37005429438673,0.8162867553597164,1.1276980120486315,0.0,0.7954866008462615,0.8851425438596496,0.7706673737786662,0.0,0.716695753344968,0.8148962455765645,0.8255767490030741,0.8651574803149606,0.22065043707115328,0.5150375939849619,0.0,0.0,1.0313114754098356,0.0,0.45495620680072113,0.0,0.07626991957425222,0.0,0.0,0.3889177685517913,0.0,0.30077922077922126,0.43528361163711504,0.0,0.27305006609945437,0.0,0.0,0.0915814802254411,0.00010440398486055713,0.0,2.220446049250313e-16,0.11056718559652023,0.0,0.0,0.20155272788097145,0.18983744197092034,0.19449156555958358,0.2006705096355612,0.14929184279637764,0.05604889016392378,0.15264932354115257,-0.04957425313898123,0.32385325612783666,0.32998198651082955,0.13354547398577576,0.06756250744104242,-0.103594940976111,0.10334120138504055,0.039170337878504435,0.0,0.0,0.7137232093433903,0.0,0.0,0.0,0.0,0.0,-0.026042275633573864,0.0,0.0,0.009297259579217565,0.5437826235426118,0.32015686352574657,0.06638755980861233,0.0015176890304213764,0.0,0.11249674788019814,0.44140661354638766,0.37005429438673,0.8162867553597164,1.1276980120486315,0.0,0.7954866008462615,0.8851425438596496,0.7706673737786662,0.0,0.716695753344968,0.8148962455765645,0.8255767490030741,0.8651574803149606,0.22065043707115328,0.5150375939849619,0.0,0.0,1.0313114754098356,0.0,0.45495620680072113,0.0,0.07626991957425222,0.0,0.0,0.3889177685517913,0.0,0.30077922077922126,0.43528361163711504,0.0,0.27305006609945437,0.0,0.0,0.0915814802254411,0.00010440398486055713,0.0,2.220446049250313e-16,0.11056718559652023,0.0,0.0,0.20155272788097145,0.18983744197092034,0.19449156555958358,0.2006705096355612,0.14929184279637764,0.05604889016392378,0.15264932354115257,-0.04957425313898123,0.32385325612783666,0.32998198651082955,0.00010440398486055713,0.0,0.0002330862274004808,0.09115348863891959,0.0915814802254411,0.0,0.0,0.0
2015-12-31,-0.03013064714632374,-0.08945849865791078,0.015479688069564457,0.09718955535425944,0.0138919002688489,0.0025587480629014614,0.07604223798021126,0.08210085793376032,-0.14345755113477188,-0.29389589088936163,0.010964316967093657,-0.04468083878969731,-0.0758460083812903,-0.0968396609504818,-0.00033433485777878413,0.09257705285886053,0.003301724838989495,-0.0031940050582851542,-0.1501723243890738,-0.3134853001391511,-0.006573479461888909,-0.08908335612894658,0.06459474732850645,-0.05025127305597299,-0.08267195829768859,0.15287340207564526,-0.03250183101981019,0.1457377009129135,0.14824089155484588,-0.24711294035458775,0.15659232736821416,0.21258687251190356,-0.27117701707086295,-0.029469744572919843,1.1073105115585786,0.16983431037417973,0.0,0.0,-0.08690349716624834,0.0,0.0,-0.21803970849937493,0.38591844606205017,0.03556536059188398,1.7958580172160876,0.056047686798696095,0.0,-0.1044006867447359,-0.11500160681719418,-0.0750360528089763,0.0,-0.30467428952069664,-0.34972967750538375,0.04855002617646287,-0.05738298372335138,-0.0013696761820785053,-0.042633814344393506,-0.10316782683332171,0.0,-0.07009997023783965,0.13561108001892963,-0.0750360528089763,0.0,0.04936825044897497,0.0,0.0,0.05122290336851365,-0.03224249918008404,0.09808375397270486,0.0010842973522289245,0.0680055789720535,0.08847074042647929,-0.14053839276845137,0.029899890597978818,-0.004992068675935268,0.22290847838293093,0.05125961863480044,0.020424194815396923,0.060782317871164615,-0.0003099104795504237,0.0,0.07954930532023075,0.11775472145363897,0.05378688048600688,0.10923482849604249,0.07796557964039597,0.009925558312654736,0.0,0.0,0.21238533344093846,0.0,0.09511016907379144,0.045014707775808294,0.07880067411152436,0.0,0.021126760563380254,0.10166902994306759,0.0,0.08107028753993584,0.0016191782670293975,0.0,-0.06504909302712636,0.0,0.0,107.40852368553418,-1.1434936688758945e-05,0.053248721461322424,0.0,0.08719001312291708,0.0,0.0,0.0782422985118203,0.06357882808928705,0.06463495954007215,-0.3051030178850027,0.027858520160013667,-0.030513999797836755,0.08245848285070445,0.0016228836079266173,-0.029337791169631533,-0.03242660955020782,0.07080047244316878,0.011878209640370896,-0.02065756024598009,0.06696900765196423,0.006923615316822396,0.039159767779752386,0.0,-0.3165117315433602,0.0,0.0,0.0,0.0,0.0,-0.08096336265887993,0.0,0.0,-0.08211407876831545,0.05122290336851365,-0.03224249918008404,0.09808375397270486,0.0010842973522289245,0.0680055789720535,0.08847074042647929,-0.14053839276845137,0.029899890597978818,-0.004992068675935268,0.22290847838293093,0.05125961863480044,0.020424194815396923,0.060782317871164615,-0.0003099104795504237,0.0,0.07954930532023075,0.11775472145363897,0.05378688048600688,0.10923482849604249,0.07796557964039597,0.009925558312654736,0.0,0.0,0.21238533344093846,0.0,0.09511016907379144,0.045014707775808294,0.07880067411152436,0.0,0.021126760563380254,0.10166902994306759,0.0,0.08107028753993584,0.0016191782670293975,0.0,-0.06504909302712636,0.0,0.0,107.40852368553418,-1.1434936688758945e-05,0.053248721461322424,0.0,0.08719001312291708,0.0,0.0,0.0782422985118203,0.06357882808928705,0.06463495954007215,-0.3051030178850027,0.027858520160013667,-0.030513999797836755,0.08245848285070445,0.0016228836079266173,-0.029337791169631533,-0.03242660955020782,-1.1434936688758945e-05,0.0,0.00013746528883840092,0.08349401608096985,107.40852368553418,0.0,0.0,0.053248721461322424
2016-12-31,0.04394820923197984,0.08469070348293761,-0.053436625119846926,-0.13816202742837624,0.04608880497291934,0.11663776248159063,0.08310012152117796,0.03185121685346193,-0.03505615527205275,0.4839721085100841,0.21597273600456934,0.06148075058061653,-0.008825999911582172,0.07416299392952386,-0.07253477744620529,-0.14180632757972145,0.027804632274060825,0.10745328447257618,-0.04200463350882955,0.45195283435863276,0.19657858972996678,-0.020512467390093825,0.0712675499250226,0.01948582804000565,0.11535691381912594,0.07883595544602451,-0.011623669582894736,0.12378125151197872,-0.06519659808621092,-0.003045026028796527,-0.023447526032084665,0.14813868131731756,0.12936652230090995,-0.09854726083510545,0.32519461394119653,0.29561055836065186,0.0,0.10279661600346812,0.26636430269511857,0.0,0.0,-0.027413300807292207,-0.054607031581666576,0.35119740881690165,0.19812650087428563,0.10241363307416695,-0.13383397234256333,0.08459864853445387,0.1568784255255451,0.12519470981772662,0.0,0.45032397119038525,0.5056331251621857,0.02224056557743137,-0.011337623479744208,-0.15406889026220882,0.03970057423065931,0.07736410639066893,0.0,0.04138040014432676,0.1763087836879602,0.12519470981772662,0.0,0.04265943824322793,0.0,0.0,0.08933778218655086,0.04100218917255494,0.1113447345347447,0.0053356925585001935,0.09588250967627565,0.12670165013338508,0.03430341416056071,0.046203106546435,0.053828480330097905,0.026425563842415123,0.10396058330653823,-0.019245573518090753,0.05729952021932827,0.044162410144912956,0.0,0.1232048968060897,-0.015892155547193587,0.004862106093105334,0.05137963843958149,0.067790556468319,0.06584766584766588,0.0,0.0,0.1357947989704451,0.0,0.03858055949406958,0.1592046402304952,0.101524411179015,0.0,0.0009852216748766907,-0.17598821653037466,-0.043598228478311185,0.08902844477281158,0.07258806888345082,0.0,-0.03193595010430539,0.0,0.0,0.07690833321193402,-0.002528135687721811,0.08420323625800763,-0.00017548067080408458,0.10742118587938165,0.0,0.0,0.16988018200998245,0.18893745131986206,0.17114640430379757,0.18309275569003058,0.1265518689626206,0.07794966700986539,0.14817170478987896,0.003363685462245636,0.039670468768383094,0.03982874174927731,0.15758690255570995,0.09636941294773882,-0.16215656013065405,0.11619134914890195,0.05481377742809812,0.08560020079836006,0.0,0.03691715689746711,0.0,0.0,0.0,0.0,0.0,0.10534868521431262,0.0,0.0,0.10777065512119277,0.08933778218655086,0.04100218917255494,0.1113447345347447,0.0053356925585001935,0.09588250967627565,0.12670165013338508,0.03430341416056071,0.046203106546435,0.053828480330097905,0.026425563842415123,0.10396058330653823,-0.019245573518090753,0.05729952021932827,0.044162410144912956,0.0,0.1232048968060897,-0.015892155547193587,0.004862106093105334,0.05137963843958149,0.067790556468319,0.06584766584766588,0.0,0.0,0.1357947989704451,0.0,0.03858055949406958,0.1592046402304952,0.101524411179015,0.0,0.0009852216748766907,-0.17598821653037466,-0.043598228478311185,0.08902844477281158,0.07258806888345082,0.0,-0.03193595010430539,0.0,0.0,0.07690833321193402,-0.002528135687721811,0.08420323625800763,-0.00017548067080408458,0.10742118587938165,0.0,0.0,0.16988018200998245,0.18893745131986206,0.17114640430379757,0.18309275569003058,0.1265518689626206,0.07794966700986539,0.14817170478987896,0.003363685462245636,0.039670468768383094,0.03982874174927731,-0.002528135687721811,0.0,-0.0011039958020478968,0.07655621369903476,0.07690833321193402,0.0,0.0,0.08420323625800763
2017-12-31,0.3026617670901708,0.41409976433360307,0.14527640788861662,-0.0570244051159281,0.3118573311080306,0.3257227456209546,0.49281590813262577,0.602262903561392,1.1067856941070118,0.539783480734666,0.41943272300297263,0.4267139224375782,0.36061844700095214,0.4050266165431953,0.12178762891554662,-0.06300773260202563,0.29379257618435517,0.3137200421486588,1.0979738802024075,0.4854476540409991,0.38725898969839245,0.34113743202138425,0.47256895382619013,0.27905951169932863,-0.18099548431828405,0.7153951289957743,0.16437494316339474,0.5626278721650078,0.06154233883718363,0.3635510871225329,0.6810253157119452,0.49398075557233834,0.24981032053199193,0.7372394860681388,0.6573908087170206,0.3219879762377269,0.0,0.902235992233785,1.5364277397959318,0.0,0.0,0.18173105162496483,1.6366363676066955,0.7561337967539303,-0.2787359006500627,0.475509064304257,0.7249833146856388,0.13591308593749996,0.07053210371423702,0.02425328483276279,0.0,0.1247207147430236,0.1865312169386968,-0.05698264869474945,0.06500203473204635,0.03386776815583303,0.29894956351371205,0.4155218194220305,0.0,0.2965856940075686,0.36863755959087796,0.02425328483276279,0.0,0.03886457295195722,0.0,0.0,0.39570628328596213,0.28453398392480334,0.06802601242407302,0.0006450798914237055,0.07161775174560181,0.05947033040726524,0.21185048608783075,0.3162471676868399,0.44996662958843214,0.8044437049785751,0.06171242557930334,0.4360282574568288,0.4448333981589523,0.368305168164093,0.0,0.41025641025641013,0.5094803608496612,0.6490489468599852,0.3981900452488685,0.6264717687985024,0.43337943752881536,0.0,0.0,0.4337540048448856,0.0,0.30102552156412377,0.0504128852914727,0.06750459745036319,0.0,0.32775590551181066,-0.009997357465712953,0.21809211214015467,0.20590230664857567,0.3630020374556924,0.0,0.14675198117197086,0.0,-1.1102230246251565e-16,0.06639598359313781,0.00017808808897057382,0.0666106717284749,4.0952676257255405e-05,0.0660909421201199,0.0,0.0,0.043680840239776364,0.026737223700646684,0.02201966940141875,0.04578144470959988,0.006631075586308155,0.03789747309877911,0.027415472317624312,-0.0011143218690385925,0.296664912457701,0.2916185586375304,-0.006907648656638066,-0.05837728140028475,0.12601484041347266,0.0212984478214584,-0.03421143114800229,0.46864928016835306,0.0,0.25009853739300403,0.0,0.0,0.0,0.0,0.0,0.028130038078649333,0.0,0.0,0.03140027824193359,0.39570628328596213,0.28453398392480334,0.06802601242407302,0.0006450798914237055,0.07161775174560181,0.05947033040726524,0.21185048608783075,0.3162471676868399,0.44996662958843214,0.8044437049785751,0.06171242557930334,0.4360282574568288,0.4448333981589523,0.368305168164093,0.0,0.41025641025641013,0.5094803608496612,0.6490489468599852,0.3981900452488685,0.6264717687985024,0.43337943752881536,0.0,0.0,0.4337540048448856,0.0,0.30102552156412377,0.0504128852914727,0.06750459745036319,0.0,0.32775590551181066,-0.009997357465712953,0.21809211214015467,0.20590230664857567,0.3630020374556924,0.0,0.14675198117197086,0.0,-1.1102230246251565e-16,0.06639598359313781,0.00017808808897057382,0.0666106717284749,4.0952676257255405e-05,0.0660909421201199,0.0,0.0,0.043680840239776364,0.026737223700646684,0.02201966940141875,0.04578144470959988,0.006631075586308155,0.03789747309877911,0.027415472317624312,-0.0011143218690385925,0.296664912457701,0.2916185586375304,0.00017808808897057382,0.0,0.00017812383017856703,0.06614277988592687,0.06639598359313781,0.0,-1.1102230246251565e-16,0.0666106717284749
2018-12-31,0.046381846095653545,0.06778692406867881,0.26108400873093673,-0.07295042794840068,0.15292769278478424,-0.2234836580497842,-0.1459927233920144,-0.2835818575209278,-0.3267539154687833,-0.1679611931933478,0.027601876096594813,0.11307663966390913,-0.10999239009541661,0.0634606210470654,0.23783724189936417,-0.07810723844587264,0.13649704450868705,-0.23099247654056987,-0.33021040590490935,-0.19937053770980273,0.006003790071099413,-0.12706527867268058,-0.15416282205976317,0.059063045819097715,0.26282556461357975,0.22549830782715818,0.42249503134932054,0.14038210964649012,0.30982870784235894,0.15209944707777656,0.34798656794219474,-0.02249650879357723,-0.045175736899859875,-0.3972851175161295,0.27420084124969346,0.26172126098906334,0.0698112216300848,-0.16597214806573668,-0.039540130723077715,0.0,0.038659799595183175,-0.12183041758390967,0.36566365765378595,-0.31510669356472476,-0.2368163150944882,-0.33885872984333965,0.20464071216422952,-0.021434585434730757,-0.09536927936542794,0.06671617776274541,0.0,-0.24842765270469724,-0.19219218513997816,0.0914817594555224,0.04598858365787106,0.032212379090469145,0.04819826183073972,0.0663850036852347,0.0,0.05131250746784244,-0.09815182522990207,0.06671617776274541,0.0,0.04082268302232461,0.0,0.0,0.0022143577374009737,0.043340208107572886,0.06347806130499034,0.005832806324111539,0.07786490805220025,0.003118674914438957,-0.08132892571128192,-0.021715234195200828,-0.187553700748742,-0.18637624420880772,0.06766231775308795,0.046187482918830014,-0.09754127781765964,-0.20551653635726863,0.0,-0.09429444306828494,-0.1224518544113532,-0.2236104289456452,-0.07928802588996775,-0.06685861182519304,-0.21807655194596332,0.0,0.0,-0.25116158657056054,0.023410407496099905,0.0016489350627717503,0.04131510943678185,0.07282017591882894,0.0,-0.22016308376575233,-0.044545219511854084,0.2698189307474468,0.0365682137834038,0.0019862803317294286,0.0,-0.026131823166860357,-0.0012889153281776533,0.0,0.07337276970930784,0.0002521641952537568,0.07495523667654247,0.00013455328310030268,0.06626155435198688,0.0,0.025703452404709504,0.05808000701499183,0.07326974891316884,0.05754451468737187,0.09087227414330212,0.05606198273648433,0.05460454659296743,0.062203661768406304,0.019276584480410808,0.04506187767461922,0.03817448144406477,0.05619776370350693,-0.0016374596254816742,0.003073151619696457,0.05844276109583624,-0.0009520440635186755,-0.07984624460234413,0.0,-0.16738973350192188,0.0,0.0,0.0,0.0,0.0,0.06994217118086854,0.0,0.0,0.07210156594075223,0.0022143577374009737,0.043340208107572886,0.06347806130499034,0.005832806324111539,0.07786490805220025,0.003118674914438957,-0.08132892571128192,-0.021715234195200828,-0.187553700748742,-0.18637624420880772,0.06766231775308795,0.046187482918830014,-0.09754127781765964,-0.20551653635726863,0.0,-0.09429444306828494,-0.1224518544113532,-0.2236104289456452,-0.07928802588996775,-0.06685861182519304,-0.21807655194596332,0.0,0.0,-0.25116158657056054,0.023410407496099905,0.0016489350627717503,0.04131510943678185,0.07282017591882894,0.0,-0.22016308376575233,-0.044545219511854084,0.2698189307474468,0.0365682137834038,0.0019862803317294286,0.0,-0.026131823166860357,-0.0012889153281776533,0.0,0.07337276970930784,0.0002521641952537568,0.07495523667654247,0.00013455328310030268,0.06626155435198688,0.0,0.025703452404709504,0.05808000701499183,0.07326974891316884,0.05754451468737187,0.09087227414330212,0.05606198273648433,0.05460454659296743,0.062203661768406304,0.019276584480410808,0.04506187767461922,0.03817448144406477,0.0002521641952537568,0.0,0.00025206158104706944,0.07413140734058632,0.07337276970930784,0.0,0.0,0.07495523667654247
2019-12-31,0.1347652797731138,0.18935856580611787,0.1098698812593557,-0.08653509896164335,0.0008616189335606261,-0.09362176022347102,-0.03395303053573673,-0.08540002221033671,0.29258285532186146,-0.09594077941866486,0.1331090615116164,0.2638081072522205,0.04485661667982099,0.1841463958359999,0.0839387410463619,-0.09342409538284713,-0.012948681639922022,-0.10689672200120859,0.2849149126338306,-0.11199519365088917,0.1097570346959571,0.02519446942644854,-0.04324354563508681,0.14376630206643415,-0.2706249952316284,0.35842867762939035,0.18231545179599928,0.20927119945925043,0.1456701580491926,0.4999768143312726,0.06996706987155177,-0.05084606692150151,0.1279148704333879,0.5885368776909128,0.19275134788450332,0.1867156260975782,-0.319064580063507,0.06093464217106059,0.6997443199932136,0.0,-0.5384131209657542,0.10225819938091751,-0.21399615074870992,-0.12542277429011983,1.3265964377592847,0.5893473802450631,0.36035860715984613,0.18868805597949678,0.15518690886233677,0.2294570238867668,0.0,0.34463777975041787,0.22676581665330886,0.019857647921708077,-0.0016760486135213304,0.05601360236755215,0.13613363034334447,0.18820173790675043,0.0,0.13659765597704898,0.4064447220169636,0.2294570238867668,0.0,0.03664856730446764,0.0,0.0,0.13966976386340768,0.133263718652453,0.10725966888087202,0.01715045876678989,0.09915792875975016,0.025245363212259786,0.025750663715703892,0.1311607182215575,0.017449765825653607,0.07399329326632809,0.10957113168335586,0.12800417972831735,0.0037784627622550193,0.006160518062726883,0.13753007217321556,0.10263469778466594,0.07976884770812842,-0.01609555189456313,0.20843585237258377,-0.08478423766915,0.11353352529823146,0.0,0.0,0.016248771789366234,0.04633234623039928,0.15341445265245213,0.11274143395323755,0.11569629382667346,0.0,0.11882129277566533,-0.049518056429083246,0.09377449787797687,0.11424694708276784,0.07600343333605797,0.0,0.021409778954404546,0.13243323736721901,0.0,0.06624650057637615,-3.655063913277079e-05,0.06692783045925066,2.220446049250313e-16,0.10445647523934531,0.09233943770956898,0.09660881746371408,0.13624497575933336,0.113824819496809,0.08953966390195789,0.1341134306194134,0.08496640341156203,0.09212764547342345,-0.0027963810092196395,0.019533460093679178,0.13188091278333314,0.1328759166078326,0.09609994343809913,0.038989930516305726,-0.07117185539815718,0.08137567471175378,0.022421599677878268,0.016191914531225926,0.05445462946393431,-0.1895432813368796,0.0,0.0,0.0,0.0,0.0,0.23207140622678302,0.0,0.0,0.22849275265454638,0.13966976386340768,0.133263718652453,0.10725966888087202,0.01715045876678989,0.09915792875975016,0.025245363212259786,0.025750663715703892,0.1311607182215575,0.017449765825653607,0.07399329326632809,0.10957113168335586,0.12800417972831735,0.0037784627622550193,0.006160518062726883,0.13753007217321556,0.10263469778466594,0.07976884770812842,-0.01609555189456313,0.20843585237258377,-0.08478423766915,0.11353352529823146,0.0,0.0,0.016248771789366234,0.04633234623039928,0.15341445265245213,0.11274143395323755,0.11569629382667346,0.0,0.11882129277566533,-0.049518056429083246,0.09377449787797687,0.11424694708276784,0.07600343333605797,0.0,0.021409778954404546,0.13243323736721901,0.0,0.06624650057637615,-3.655063913277079e-05,0.06692783045925066,2.220446049250313e-16,0.10445647523934531,0.09233943770956898,0.09660881746371408,0.13624497575933336,0.113824819496809,0.08953966390195789,0.1341134306194134,0.08496640341156203,0.09212764547342345,-0.0027963810092196395,0.019533460093679178,0.13188091278333314,0.1328759166078326,-3.655063913277079e-05,0.0,-3.6457289719460384e-05,0.06592958945097638,0.06624650057637615,-1.1102230246251565e-16,0.0,0.06692783045925066
2020-12-31,0.16139370594235758,-0.027778889580134525,0.5808070059614776,0.6175741915832234,0.14726307569202168,0.13051290507418334,0.23024440212894337,0.22767841566471048,0.056611914080557435,0.18024721173831848,0.09522854204240305,0.047409074545975205,0.1434319526627219,-0.02790902345563806,0.5493693621522959,0.6064253213562518,0.13464142099497045,0.11459333652922576,0.051247760630145356,0.16183552122710854,0.06375955747567019,0.12154022560414335,0.21868147931588955,0.15750305583101976,0.8080548623415673,0.3290672254422755,0.3496780903522301,0.12907786138378952,0.7596505506546718,-0.007144223880531042,0.26767513982247015,-0.40731786256751334,-0.17617981908008218,0.12226915556337525,0.49337661463158655,0.5933460871192557,6.707065403206821,0.6031324125284474,1.548861582701949,0.0,0.6102612302310704,1.2907342616246114,0.4659727818656816,0.022261994902698312,8.594082840926788,0.5158805167748859,0.29696738896590724,0.24587033602233466,0.4770025824312085,0.2699564305108897,0.0,-0.20537177585149224,-0.21515152671120363,0.025564159144099596,0.1270594814195245,0.06530535584703845,0.15423936793756665,-0.04699085548655946,0.6626805153290385,0.15165727202787016,0.503642714234189,0.2699564305108897,0.0,0.02300244963897069,0.0,0.0,0.1496252444998356,0.15563746021109082,0.11072537913393021,0.08991971200750082,0.09979567680354817,0.04620332141876604,0.04822200911990904,0.09223783367644245,0.19730492241443298,0.35167870913503574,0.1149403367296904,0.277674849467346,0.20208023774145611,0.3388179228028241,0.26321818822700016,0.24775936766213524,0.2588294900768653,0.3035346516417461,0.2457824316463051,0.21386086160811035,0.24676763945326896,0.0,0.020561083802901337,0.34312724928828486,0.25326862583165544,0.33545980429258737,0.09864509931683973,0.09481933221527683,0.0,0.35514018691588767,0.564401732747543,0.5739768177549307,0.12372138334145166,0.08204022715617976,0.0,0.062393010848015074,0.15008328219514322,0.0,0.042117744347564656,0.031166683724255462,0.042826509340396335,2.220446049250313e-16,0.12087618538800582,0.1106983925165741,0.07469372909773164,0.12229356204025699,0.13192856214446325,0.11237590706900025,0.12289349272597994,0.07906237070748845,0.1191433411717111,0.1036328411804266,-0.0041029466616937516,0.15330837941452802,0.15655039778942714,0.1286855642245175,0.0731655008538914,-0.13954362768897166,0.09945669285045233,0.04147074248484417,0.1478943413905196,0.255685447243134,-0.31070400758335515,0.0,0.0,0.0,0.0,0.0,0.2668727204980901,0.0,0.0,0.26010826281995847,0.1496252444998356,0.15563746021109082,0.11072537913393021,0.08991971200750082,0.09979567680354817,0.04620332141876604,0.04822200911990904,0.09223783367644245,0.19730492241443298,0.35167870913503574,0.1149403367296904,0.277674849467346,0.20208023774145611,0.3388179228028241,0.26321818822700016,0.24775936766213524,0.2588294900768653,0.3035346516417461,0.2457824316463051,0.21386086160811035,0.24676763945326896,0.0,0.020561083802901337,0.34312724928828486,0.25326862583165544,0.33545980429258737,0.09864509931683973,0.09481933221527683,0.0,0.35514018691588767,0.564401732747543,0.5739768177549307,0.12372138334145166,0.08204022715617976,0.0,0.062393010848015074,0.15008328219514322,0.0,0.042117744347564656,0.031166683724255462,0.042826509340396335,2.220446049250313e-16,0.12087618538800582,0.1106983925165741,0.07469372909773164,0.12229356204025699,0.13192856214446325,0.11237590706900025,0.12289349272597994,0.07906237070748845,0.1191433411717111,0.1036328411804266,-0.0041029466616937516,0.15330837941452802,0.15655039778942714,0.031166683724255462,0.028116820333914605,0.028478703361936475,0.04264488831780988,0.042117744347564656,0.0,0.0,0.042826509340396335
2021-12-31,0.2559104208652261,0.1389632010721895,0.6234880021898506,0.10877174880373497,0.12365878330763724,0.2034365757469101,0.47509205787439,0.6070357528562498,0.5466079449337924,0.734274898395,0.38381938258286774,0.14550339580812044,0.3777157277687986,0.13490403703178,0.5958308054859385,0.10120081216511645,0.09956513281347701,0.18963402301898102,0.5426158498681046,0.6965726470375997,0.3373880466095436,0.3557841023690125,0.4606165474691135,0.2199413628874849,-0.2312796672933196,0.19700092998062635,0.3201423391202647,0.03446561993822672,0.5329121169574864,0.3873792152658859,-0.001488035427133605,-0.002704659029118983,0.690129704859543,0.3667615580138588,0.6314960737342086,0.40878046883217545,1.077716673780155,0.15594304116103164,1.6513930018219054,0.0,0.7563576184685992,2.265372706177009,1.7101823063901747,1.1680995146469786,1.797770477646428,0.4966471828785668,0.4593849587162697,-0.03465214538689809,-0.11408178390838708,-0.05188572474888398,0.0,0.5500824067374532,0.5015444000942921,0.017737241049800234,-0.06426624392909175,0.004947804509059628,0.259743637616521,0.14023729036928745,0.6157294232532369,0.25618036439333736,0.30109639409262856,-0.05188572474888398,0.0,0.023449551195582563,0.02467143857130938,0.5611402996853962,0.2912595046299784,0.25304009687377405,0.041311619235620434,0.03067952100367588,0.04136996769482759,-0.24790385499147738,0.334198390620041,0.33698789531016127,0.49167519300530116,0.4910941443263077,0.043219303604153936,0.4177995287293814,0.4615574783683558,0.3737658520655309,0.5059644227415412,0.2958108591648225,0.417290955482285,0.7586492145251831,0.607051132383843,0.6648746230757028,0.6328888888888891,0.5850073687229853,0.03838472834067508,0.6029994001199759,0.7358674969088042,0.4697352441097886,0.03284582273527703,0.04034580527286158,0.0,0.3742946708463952,0.17532015939358847,0.7728081022198672,0.1586475942782839,0.271113997595247,0.00775498183959944,0.11592813208354458,0.14429453464440867,0.0,0.03315983455228544,0.033645814801391616,0.03375972817711159,0.0,0.04222672386399773,0.03359798526561941,-0.01380966924480187,0.03481310867508336,0.04397926737054014,0.026570565374845367,0.027924316748423106,0.011426768433202561,0.031630555116242576,0.05524295102404775,0.023339727779300157,0.2523507106082561,0.25238152598705454,0.01012496678014152,-0.03978530013574599,0.09289483955268185,0.03149887421062103,-0.02304571276102707,0.30863613141425783,0.4732737547779673,0.4387701845734957,0.0,-0.013860066438648566,0.0,0.0,0.0,-0.044161890838934736,0.0,0.0,-0.9905078661979984,0.2912595046299784,0.25304009687377405,0.041311619235620434,0.03067952100367588,0.04136996769482759,-0.24790385499147738,0.334198390620041,0.33698789531016127,0.49167519300530116,0.4910941443263077,0.043219303604153936,0.4177995287293814,0.4615574783683558,0.3737658520655309,0.5059644227415412,0.2958108591648225,0.417290955482285,0.7586492145251831,0.607051132383843,0.6648746230757028,0.6328888888888891,0.5850073687229853,0.03838472834067508,0.6029994001199759,0.7358674969088042,0.4697352441097886,0.03284582273527703,0.04034580527286158,0.0,0.3742946708463952,0.17532015939358847,0.7728081022198672,0.1586475942782839,0.271113997595247,0.00775498183959944,0.11592813208354458,0.14429453464440867,0.0,0.03315983455228544,0.033645814801391616,0.03375972817711159,0.0,0.04222672386399773,0.03359798526561941,-0.01380966924480187,0.03481310867508336,0.04397926737054014,0.026570565374845367,0.027924316748423106,0.011426768433202561,0.031630555116242576,0.05524295102404775,0.023339727779300157,0.2523507106082561,0.25238152598705454,0.033645814801391616,0.033654781163211966,0.03365692751415228,0.033655707000635804,0.03315983455228544,0.0,0.0,0.03375972817711159
2022-12-31,0.05691422799494639,0.2213735784909907,-0.24460315031012048,-0.1072698170447991,0.20077706840390896,0.1659780707587708,0.04548595037208503,-0.12823520173963576,-0.10524826974937274,0.2532553603301675,0.16482722748188516,0.10474579474579482,0.07488971293395497,0.21151049150140677,-0.26044128929396615,-0.11427971529389036,0.17539938549760659,0.15313294853842874,-0.10812766036037269,0.21762120746932578,0.1430676765544563,0.06105177908131232,0.0350229184824431,0.04440769643729103,-0.083230547777145,0.07911689176054892,-0.11683214613824011,0.11334353040989886,-0.18377466556593003,0.2108300588869032,0.10204740195232032,0.38482674935709316,0.35362672986453725,0.18409325597254278,-0.39105587732566016,-0.0828705472842628,-0.18518222843975252,-0.2255535447214112,-0.19966965485018373,0.0,0.7266200752930416,-0.20431750582392016,-0.17872577744227314,-0.22804794803829898,-0.6165510397386098,0.5619320742206593,1.2388633410954033,-0.004268152573529305,0.022890964377025202,0.1280135350021936,0.03670015325848097,0.06714536781320612,0.1045256494009672,0.11290830134054941,0.04809148203938407,-0.005466384095941246,0.05458224807741607,0.21809179908506082,-0.24766711788809148,0.05772911237171385,-0.26217135846694795,0.1280135350021936,0.03670015325848097,0.03673693726405647,0.018972404036088575,-0.49263903941850795,0.02649284623188275,0.05437290304139841,0.03716088128738759,0.033496744248590726,0.04045065427373018,-0.10269268676659327,0.04841451980800726,0.04459699753016522,0.06443432894764212,0.09287593283181783,0.03645732689210934,-0.03860905139350568,0.04115922417681572,0.0026426098049936453,-0.023670557717250462,-0.03971240974452328,0.019184342240714303,0.035865216203621486,0.041115792532326,0.05643268233976362,0.0716748321538736,0.011819106515486011,0.031262079173384416,0.013663315287445243,0.10288422166109323,-0.06289789764975251,0.045553029764864306,0.03624321343285186,-0.05210420841683372,-0.11724452554744536,-0.12050376872435842,-0.21995332297050119,0.0862326973438079,0.19564046619531594,0.061961815702318734,0.012037971138236792,0.05062616573407941,0.0,0.048548213146651475,0.04851650567935417,0.049102530025566526,-1.1102230246251565e-16,0.03559954419168321,0.03759255743307377,0.015735641227380137,0.047343999940892,0.042651954388818414,0.021604865286678043,0.03042169331791711,0.030232429572181196,0.028330522765598554,0.06601149638420178,0.03472439187681298,0.05391039448581436,0.05396240911742578,-0.008210928599732492,-0.06060142061425189,0.13257726324157781,0.02057827912029242,-0.0355068917048168,0.011131905717544965,0.0367082386389177,0.7316189900903536,0.0,-0.10541110669384224,0.08813481177017457,0.0,0.0,0.1419692994251518,0.0,0.0,0.1382289571962081,0.02649284623188275,0.05437290304139841,0.03716088128738759,0.033496744248590726,0.04045065427373018,-0.10269268676659327,0.04841451980800726,0.04459699753016522,0.06443432894764212,0.09287593283181783,0.03645732689210934,-0.03860905139350568,0.04115922417681572,0.0026426098049936453,-0.023670557717250462,-0.03971240974452328,0.019184342240714303,0.035865216203621486,0.041115792532326,0.05643268233976362,0.0716748321538736,0.011819106515486011,0.031262079173384416,0.013663315287445243,0.10288422166109323,-0.06289789764975251,0.045553029764864306,0.03624321343285186,-0.05210420841683372,-0.11724452554744536,-0.12050376872435842,-0.21995332297050119,0.0862326973438079,0.19564046619531594,0.061961815702318734,0.012037971138236792,0.05062616573407941,0.0,0.048548213146651475,0.04851650567935417,0.049102530025566526,-1.1102230246251565e-16,0.03559954419168321,0.03759255743307377,0.015735641227380137,0.047343999940892,0.042651954388818414,0.021604865286678043,0.03042169331791711,0.030232429572181196,0.028330522765598554,0.06601149638420178,0.03472439187681298,0.05391039448581436,0.05396240911742578,0.04851650567935417,0.04851535639146998,0.04851467109232299,0.048515231730713815,0.048548213146651475,0.0,0.0,0.049102530025566526
2023-12-31,0.21300164056039628,0.13287973783288543,0.26298306785374503,0.34760074949703434,0.3077973539537844,0.4875170027560103,0.4755016952106075,0.566611649918205,0.8201745141845458,0.191229214052568,0.3058193001108942,0.14308083028667862,0.4007604528813644,0.12344268017083682,0.24084177282997277,0.3361117437582275,0.290136507329263,0.4762640191581766,0.813455326377662,0.18660203407191345,0.2937087492430368,0.3905675380411904,0.46566068247026116,0.1873665549315513,-0.024882305878052402,0.10336446305475566,0.20636884851329085,0.06185027076951655,0.050177076364632756,0.1279152524987075,0.05636560609689378,0.3248841735287409,0.0665254213700257,0.28636809750179393,0.070213628064409,-0.1302529729205414,-0.1351617041678197,-0.06626910548641296,0.2544764238116968,-0.046498792922043175,0.7819149843734761,0.9296232824382002,0.6420099221160447,0.23941886972523907,0.5384054754282246,0.048169812213875174,0.8745373575317297,0.13337360976219093,-0.0003771214078349683,0.14682621922336736,0.07362779564299582,-0.10727635660583767,-0.10324761225093693,-0.006435633259718299,0.04166811161136219,0.057941870122460326,0.2101090790799638,0.1307751911745978,0.252430462819458,0.20749391828016317,0.5358588836435847,0.14682621922336736,0.07362779564299582,0.05464496303773814,0.0807799743111326,0.4752023530329281,0.19648760095875262,0.2103760767063516,0.07276059727560269,0.07056464695505804,0.07230545895646645,-0.0025994609412792746,0.25420527690926686,0.2574229344300072,0.33024154966706387,0.2662343679811019,0.07252501398297184,0.3099734042553184,0.3388389472544133,0.3173274877602552,0.24600275181477427,0.3974972043239786,0.42147216569077406,0.3940207159628548,0.3557075076751326,0.461667738187888,0.3946833728411785,0.37302874623017956,0.06792397634088121,0.424506940570341,0.35626080465949106,0.3764382906679624,0.0749296508303181,0.07195597695507261,0.26955602536997914,0.11627906976744162,0.40355540076052554,0.3381315998637444,0.17237816428448416,0.32127945855734574,0.21494024087102503,0.12743296254500458,0.17423281765153398,0.0,0.07078353867707188,0.07090854333527252,0.07142280775132281,0.0,0.07486420443672492,0.07105062519060734,0.052556982052507584,0.08127913313545276,0.08828526730904285,0.07571813653800441,0.07610594175743857,0.058514185837926336,0.07129013983720478,0.07495465049822325,0.074735797782858,0.21024946583910453,0.2100150602816262,0.06127783116032548,0.005112637058881653,-0.009618653827170975,0.061355587509207554,0.002965231212955999,0.2631412987382078,0.44128783976060415,0.3271281936918271,0.12642059306869013,0.3424980963970732,0.48377750899968364,0.0,0.09012028746463807,0.12851422344772612,0.06259450586120652,0.0,0.13503526051558357,0.19648760095875262,0.2103760767063516,0.07276059727560269,0.07056464695505804,0.07230545895646645,-0.0025994609412792746,0.25420527690926686,0.2574229344300072,0.33024154966706387,0.2662343679811019,0.07252501398297184,0.3099734042553184,0.3388389472544133,0.3173274877602552,0.24600275181477427,0.3974972043239786,0.42147216569077406,0.3940207159628548,0.3557075076751326,0.461667738187888,0.3946833728411785,0.37302874623017956,0.06792397634088121,0.424506940570341,0.35626080465949106,0.3764382906679624,0.0749296508303181,0.07195597695507261,0.26955602536997914,0.11627906976744162,0.40355540076052554,0.3381315998637444,0.17237816428448416,0.32127945855734574,0.21494024087102503,0.12743296254500458,0.17423281765153398,0.0,0.07078353867707188,0.07090854333527252,0.07142280775132281,0.0,0.07486420443672492,0.07105062519060734,0.052556982052507584,0.08127913313545276,0.08828526730904285,0.07571813653800441,0.07610594175743857,0.058514185837926336,0.07129013983720478,0.07495465049822325,0.074735797782858,0.21024946583910453,0.2100150602816262,0.07090854333527252,0.023393023366902632,0.07090747709932943,0.07090747594707847,0.07078353867707188,0.0,0.0,0.07142280775132281
2024-12-31,0.10089080799012184,0.0625615608083756,0.24422401293575047,0.4002848541427857,0.015489863332544207,0.2357571739779316,0.24516648548146702,0.24861689294147937,0.347568318666049,0.09253445481022116,0.06495337297800474,0.10516500855527866,0.16793364776969888,0.053175182741536986,0.22026751460650407,0.390953368820784,-0.0032911036833043195,0.2264344006483907,0.34391161738217013,0.0842191514947348,0.051398249333173496,0.15884384165845256,0.2385753032649094,0.08165460892055854,-0.0034482890161970925,-0.056403328148117104,0.10009457811667044,0.05137286300681754,0.25701543134330995,0.29709365122918396,-0.10776938083329601,-0.3928456447696693,0.25890661525584124,0.5467916250060261,-0.3678504335723659,-0.02439818986377862,0.2740395998707701,0.2820721056396216,0.007868559767483463,1.0564760969191296,1.5216020363761795,0.7581609249089614,0.5742225212308207,0.1359636178803989,-0.37857289325660626,-0.03942749556862668,0.2927033088364288,0.27482548277082586,0.21326456867118604,0.1943719068232821,0.16001666670718517,0.000976967108631932,-0.03115266741118672,0.04233914327413402,-0.03269970487642948,0.01837203578174984,0.10356773609992098,0.06165340414500653,0.24839396755056842,0.10364155997020541,0.5678108691981314,0.1943719068232821,0.16001666670718517,0.04550648164701099,0.08173782495679993,0.18309691369380499,0.13801648184718118,0.0979513043153657,0.08274331257217526,0.08195639762519824,0.08636787263012669,-0.053716542067471784,0.11691994976906517,0.14031611375783148,0.35016073866388764,0.25297933398124606,0.08283378459528579,0.31387676378032703,0.2812360959430482,0.2441284170441822,0.1106160993069838,0.23596610221158687,0.2417491125658302,0.17167768818264895,0.26402470406587675,0.21535612315765107,0.1688721621949738,0.2841883509188019,0.0844996875454771,0.2671508212582647,0.3354187637408863,0.24812972018763313,0.09668006299610798,0.08053561874279969,0.06078268109908458,0.06805555555555554,0.2694631402596328,0.3236953141407346,0.12984723854289038,0.1744324787370739,0.145008833255319,0.08638777144382392,0.1566954643628513,0.0,0.0739808694133397,0.0738013852550432,0.07429020644916884,-1.1102230246251565e-16,0.08822391509030236,0.08406950505057731,0.040538001440516336,0.09451390078209743,0.08730641598623978,0.09215267426438656,0.09757369179540953,0.07270785052143625,0.09401614249930357,0.09462914418600343,0.10135015813385961,0.09750158138448684,0.09743638031859825,0.08983591810796687,0.03314816521283537,-0.06180786267995586,0.07776590088923885,0.0190634806583041,0.2855866340535391,0.24218705184989364,0.14531122608577163,0.09467862637994795,0.39496781391063185,0.23256746171624165,0.0,0.19518815401219447,0.1990497169566583,0.1989699100161988,0.2195719945443917,0.19616799310683475,0.13801648184718118,0.0979513043153657,0.08274331257217526,0.08195639762519824,0.08636787263012669,-0.053716542067471784,0.11691994976906517,0.14031611375783148,0.35016073866388764,0.25297933398124606,0.08283378459528579,0.31387676378032703,0.2812360959430482,0.2441284170441822,0.1106160993069838,0.23596610221158687,0.2417491125658302,0.17167768818264895,0.26402470406587675,0.21535612315765107,0.1688721621949738,0.2841883509188019,0.0844996875454771,0.2671508212582647,0.3354187637408863,0.24812972018763313,0.09668006299610798,0.08053561874279969,0.06078268109908458,0.06805555555555554,0.2694631402596328,0.3236953141407346,0.12984723854289038,0.1744324787370739,0.145008833255319,0.08638777144382392,0.1566954643628513,0.0,0.0739808694133397,0.0738013852550432,0.07429020644916884,-1.1102230246251565e-16,0.08822391509030236,0.08406950505057731,0.040538001440516336,0.09451390078209743,0.08730641598623978,0.09215267426438656,0.09757369179540953,0.07270785052143625,0.09401614249930357,0.09462914418600343,0.10135015813385961,0.09750158138448684,0.09743638031859825,0.0738013852550432,0.0,0.07378424794429295,0.07380311935378847,0.0739808694133397,0.0,0.0,0.07429020644916884
2025-12-31,0.11883625362209416,0.18078746231258602,-0.10439650334635242,-0.02247765923545464,-0.004278673737510341,0.24593867121636026,0.06355998252833572,-0.050217352436176865,-0.16297174675190773,0.29900349611333454,0.018358870631611346,0.18599444422814226,0.1463801482825351,0.17148285845751632,-0.12584279547382038,-0.02941193645954565,-0.023310003431744497,0.2345449596818343,-0.16572430030399588,0.29107271601980633,0.0039046681065413313,0.13621428597802288,0.05743151072463726,0.09062815037263827,-0.3439446596976503,0.297192159335248,-0.1897710615958873,0.1333142267324514,-0.11531557534473347,0.05587479426779307,0.013666957296047944,-0.09993231739385666,0.2603587845395139,0.337239885157113,-0.08572903750763394,-0.11471709843159084,-0.030868030004749136,-0.3570097308181158,-0.3028639997436742,0.07341593967784688,-0.314509092580851,-0.022911285480521126,0.2675787500625102,0.01579403711172578,-0.19268578231816913,-0.028066272953125138,-0.23062267833000416,0.6452153423052762,1.4234278296923555,0.7180528460297861,1.5729127438037018,-0.1993865422248472,-0.184753497163611,0.046426871190098584,0.18532600616654804,0.12303079927045513,0.11661056526465674,0.1767249154183388,-0.10656091950563351,0.11714597723442077,0.08132205603361098,0.7180528460297861,1.5729127438037018,0.03337577297395078,0.08185843278910254,0.07962501348976336,0.11276018854544678,0.11675787648486602,0.07867118347721558,0.07855600937595408,0.08181216615279951,0.07708093933089288,0.04679497868083171,0.10340727575382602,0.028855039846918507,-0.040849399826754174,0.07706639813585126,0.020397125859538123,0.11936481879025096,0.007154120083614046,0.016285528165392194,0.026760224687231826,0.07134329325437183,-0.11336800698998828,-0.009527687296416953,0.002514317642128505,0.006543415039468092,-0.041889504888158235,0.07392176054559174,-0.01915708812260508,-0.11280465670468975,0.08552119808835146,0.0639600783831551,0.0827723726295797,-0.175039246467818,-0.0299089726918077,-0.10136629124189289,-0.08599551913023684,0.12870514820592915,0.07869377122389176,0.10934254686438827,0.026811039426837713,0.07132854075249684,0.0,0.06594245272046906,0.06534664988235783,0.06616911618034238,-0.0011055282260655774,0.07598090881347086,0.08173932457367217,0.04132119479346863,0.05047530627785779,0.07327119361000278,0.0558036234025594,0.04511743169423377,0.036112733299802136,0.0751719024844093,0.07617679978037284,0.06725022594093466,0.11611876755232053,0.11598749650794438,0.0643195740826139,0.010705223136968645,-0.02139431943932113,0.06300479934085579,0.0061668056238970426,0.026312868522657018,0.056940506793642376,0.3049401984377538,0.10378789819998313,-0.020973154228177693,0.24459808064070665,0.20529978660048243,0.7210534222748075,0.7077928700030853,0.7039049123866317,0.7416889669955133,0.715069787616377,0.11276018854544678,0.11675787648486602,0.07867118347721558,0.07855600937595408,0.08181216615279951,0.07708093933089288,0.04679497868083171,0.10340727575382602,0.028855039846918507,-0.040849399826754174,0.07706639813585126,0.020397125859538123,0.11936481879025096,0.007154120083614046,0.016285528165392194,0.026760224687231826,0.07134329325437183,-0.11336800698998828,-0.009527687296416953,0.002514317642128505,0.006543415039468092,-0.041889504888158235,0.07392176054559174,-0.01915708812260508,-0.11280465670468975,0.08552119808835146,0.0639600783831551,0.0827723726295797,-0.175039246467818,-0.0299089726918077,-0.10136629124189289,-0.08599551913023684,0.12870514820592915,0.07869377122389176,0.10934254686438827,0.026811039426837713,0.07132854075249684,0.0,0.06594245272046906,0.06534664988235783,0.06616911618034238,-0.0011055282260655774,0.07598090881347086,0.08173932457367217,0.04132119479346863,0.05047530627785779,0.07327119361000278,0.0558036234025594,0.04511743169423377,0.036112733299802136,0.0751719024844093,0.07617679978037284,0.06725022594093466,0.11611876755232053,0.11598749650794438,0.06534664988235783,0.0,0.019326232911865304,0.06534649861606834,0.06594245272046906,0.0,0.0,0.06616911618034238
2026-12-31,-0.08104201120926036,-0.029691889628635226,-0.29857672476243224,0.11823862185447354,-0.11674061104106637,-0.056594027899648625,0.024498877460170654,0.06744652981572319,-0.05489169489785428,0.1292407912174367,0.1303863391025497,-0.03248108650337678,-0.019648061754902302,-0.031125249574606828,-0.28628276431879884,0.11020456471347462,-0.109172197316869,-0.0429892451885685,-0.05888719344859428,0.11443767984291964,0.12204592847397744,-0.016206732877417362,0.02167497458026446,-0.09965001677172936,0.4356540415472059,-0.16771827127541172,-0.3247457442784113,-0.18067659956806637,-0.34435219597900446,0.03328613475256925,-0.06162520469018873,0.06096119334271699,0.07389098863920696,-0.12561745336387864,0.2227868940099762,0.07612766650382685,0.11414894083247851,0.08424182358771026,-0.09701449716292443,0.36742528974705646,0.2793147094141075,-0.31219400297394884,0.17538807213428997,-0.005502119983823217,0.020569949750526062,0.1624320831224375,0.031361583310751895,-0.06799058882387266,-0.14927141428043667,0.057397145216526946,-0.0343962709708312,0.22048073956498904,0.2065735416603196,0.05436819106844104,0.026577832048758188,0.03843736087266181,-0.07839217800911447,-0.02792677408290778,-0.27957759114719216,-0.07962201120143253,0.39973230749934285,0.057397145216526946,-0.0343962709708312,1.0009865820892472e-05,0.035708614975048736,0.11040034200216309,-0.056327362967739325,-0.0789211017314041,0.028289156431214213,0.027026577087498005,0.027984699751441022,-0.03495610997704868,-0.08842316050562626,-0.04111143039233578,0.052308440151747515,0.05847633615520076,0.029899957092206497,0.05156356477625512,0.07169247257241151,0.006614347964256639,-0.06291748195128566,0.02572648494784424,0.00520533433837822,0.04870477017728714,0.06643097919921104,-0.007207366967712847,0.03941801671654099,0.06638458814467052,0.025475366217577067,0.10725274317912237,-0.00586782707479927,-0.053880965715360385,0.030362261595756612,0.029074174782880657,0.004757373929590747,-0.10321715817694366,0.011047960474820373,-0.2409095850443429,-0.0035706058511859595,-0.026557785954181012,-0.014900977152231265,-0.023241803199887112,-0.003965141612200185,0.0,0.03254308953025942,0.03251755222518926,-0.8967160683291088,0.0011067517713883035,0.027082425663683463,0.02581083788098626,-0.0011343766708572511,0.030813775336495874,0.03468459910485078,0.030417102792164252,0.03435397630553272,0.02879418251953969,0.031084369929691436,0.03604773921609383,0.036057938551262936,-0.07924199066077653,-0.07898967491429765,-0.006268073556143894,-0.027993828009075905,0.05842442517904245,0.006854395711968442,-0.016278915209572253,0.03691423219500822,0.023455175448515497,0.00727612357575369,-0.095515884797711,0.1156812658649482,-0.05946259672987275,-0.043314746442969065,0.05320555008767003,-0.9893175612948588,-0.9893070617766486,0.04516129032258065,0.06895492756489974,-0.056327362967739325,-0.0789211017314041,0.028289156431214213,0.027026577087498005,0.027984699751441022,-0.03495610997704868,-0.08842316050562626,-0.04111143039233578,0.052308440151747515,0.05847633615520076,0.029899957092206497,0.05156356477625512,0.07169247257241151,0.006614347964256639,-0.06291748195128566,0.02572648494784424,0.00520533433837822,0.04870477017728714,0.06643097919921104,-0.007207366967712847,0.03941801671654099,0.06638458814467052,0.025475366217577067,0.10725274317912237,-0.00586782707479927,-0.053880965715360385,0.030362261595756612,0.029074174782880657,0.004757373929590747,-0.10321715817694366,0.011047960474820373,-0.2409095850443429,-0.0035706058511859595,-0.026557785954181012,-0.014900977152231265,-0.023241803199887112,-0.003965141612200185,0.0,0.03254308953025942,0.03251755222518926,-0.8967160683291088,0.0011067517713883035,0.027082425663683463,0.02581083788098626,-0.0011343766708572511,0.030813775336495874,0.03468459910485078,0.030417102792164252,0.03435397630553272,0.02879418251953969,0.031084369929691436,0.03604773921609383,0.036057938551262936,-0.07924199066077653,-0.07898967491429765,0.03251755222518926,0.0,-0.000401188018380072,0.03251725407121331,0.03254308953025942,0.0,0.0,-0.8967160683291088
